Temperature(Â°C),Date,Time,Interval
37.315899991054515,21/03/2025,17:54:35,30 sec
36.38352653149462,21/03/2025,17:55:05,30 sec
37.937263962078696,21/03/2025,17:55:35,30 sec
37.30971351510234,21/03/2025,17:56:05,30 sec
36.015901763999445,21/03/2025,17:56:35,30 sec
37.175815588910666,21/03/2025,17:57:05,30 sec
36.923671737571084,21/03/2025,17:57:35,30 sec
37.905204350207235,21/03/2025,17:58:05,30 sec
36.08749486994954,21/03/2025,17:58:35,30 sec
37.232481293265,21/03/2025,17:59:05,30 sec
36.99179699489511,21/03/2025,17:59:35,30 sec
36.6298246945432,21/03/2025,18:00:05,30 sec
37.77908059641942,21/03/2025,18:00:35,30 sec
36.9360618589533,21/03/2025,18:01:05,30 sec
36.802565524313245,21/03/2025,18:01:35,30 sec
37.937323974208375,21/03/2025,18:02:05,30 sec
37.3323191963022,21/03/2025,18:02:35,30 sec
37.68440113589133,21/03/2025,18:03:05,30 sec
37.75589136538711,21/03/2025,18:03:35,30 sec
37.35267612765535,21/03/2025,18:04:05,30 sec
36.93875663674625,21/03/2025,18:04:35,30 sec
36.67647508248984,21/03/2025,18:05:05,30 sec
37.59267489704837,21/03/2025,18:05:35,30 sec
37.17278558839007,21/03/2025,18:06:05,30 sec
36.49648714945346,21/03/2025,18:06:35,30 sec
36.79276326976717,21/03/2025,18:07:05,30 sec
36.96019749583268,21/03/2025,18:07:35,30 sec
37.61772625517617,21/03/2025,18:08:05,30 sec
37.03702935717386,21/03/2025,18:08:35,30 sec
37.595129191351596,21/03/2025,18:09:05,30 sec
37.468316818480886,21/03/2025,18:09:35,30 sec
36.96626580953388,21/03/2025,18:10:05,30 sec
37.27267237131467,21/03/2025,18:10:35,30 sec
36.37937598101489,21/03/2025,18:11:05,30 sec
36.12519581971758,21/03/2025,18:11:35,30 sec
37.148881124608586,21/03/2025,18:12:05,30 sec
36.357126530204674,21/03/2025,18:12:35,30 sec
37.68434692622119,21/03/2025,18:13:05,30 sec
36.46512671415395,21/03/2025,18:13:35,30 sec
37.77342297455488,21/03/2025,18:14:05,30 sec
37.65739119784312,21/03/2025,18:14:35,30 sec
37.694643598424236,21/03/2025,18:15:05,30 sec
37.16733879917493,21/03/2025,18:15:35,30 sec
37.62304233263457,21/03/2025,18:16:05,30 sec
36.1023305206133,21/03/2025,18:16:35,30 sec
36.569737336211496,21/03/2025,18:17:05,30 sec
36.51350756545254,21/03/2025,18:17:35,30 sec
36.29294313982006,21/03/2025,18:18:05,30 sec
37.503525605327425,21/03/2025,18:18:35,30 sec
36.890453586781106,21/03/2025,18:19:05,30 sec
37.643010432668554,21/03/2025,18:19:35,30 sec
37.82197932196797,21/03/2025,18:20:05,30 sec
36.13655053086962,21/03/2025,18:20:35,30 sec
36.13451058224216,21/03/2025,18:21:05,30 sec
37.23880268400232,21/03/2025,18:21:35,30 sec
36.927067569022036,21/03/2025,18:22:05,30 sec
36.825897255409274,21/03/2025,18:22:35,30 sec
37.375998082766614,21/03/2025,18:23:05,30 sec
37.01311534651437,21/03/2025,18:23:35,30 sec
36.76283990786059,21/03/2025,18:24:05,30 sec
37.794352262178826,21/03/2025,18:24:35,30 sec
37.249384256566614,21/03/2025,18:25:05,30 sec
37.161004637312914,21/03/2025,18:25:35,30 sec
37.00591393451877,21/03/2025,18:26:05,30 sec
36.61770653361333,21/03/2025,18:26:35,30 sec
37.62684258448749,21/03/2025,18:27:05,30 sec
37.81111088258655,21/03/2025,18:27:35,30 sec
36.50261065194997,21/03/2025,18:28:05,30 sec
37.7682586363157,21/03/2025,18:28:35,30 sec
37.42839275604418,21/03/2025,18:29:05,30 sec
36.42681298177844,21/03/2025,18:29:35,30 sec
37.72090423936075,21/03/2025,18:30:05,30 sec
36.43564777159659,21/03/2025,18:30:35,30 sec
37.517554244928455,21/03/2025,18:31:05,30 sec
36.09729312841319,21/03/2025,18:31:35,30 sec
36.81184019870381,21/03/2025,18:32:05,30 sec
37.581133293730545,21/03/2025,18:32:35,30 sec
36.73091241649291,21/03/2025,18:33:05,30 sec
37.70685272154075,21/03/2025,18:33:35,30 sec
37.212611670014994,21/03/2025,18:34:05,30 sec
37.51151399654618,21/03/2025,18:34:35,30 sec
36.7482021376608,21/03/2025,18:35:05,30 sec
36.08215141959551,21/03/2025,18:35:35,30 sec
36.41293762428293,21/03/2025,18:36:05,30 sec
37.65145945512162,21/03/2025,18:36:35,30 sec
37.73021512290944,21/03/2025,18:37:05,30 sec
36.3908668198806,21/03/2025,18:37:35,30 sec
36.758338507839184,21/03/2025,18:38:05,30 sec
36.64810330690766,21/03/2025,18:38:35,30 sec
37.4350421984176,21/03/2025,18:39:05,30 sec
36.30160185842385,21/03/2025,18:39:35,30 sec
37.97835865975801,21/03/2025,18:40:05,30 sec
37.45932700934076,21/03/2025,18:40:35,30 sec
37.86886273036251,21/03/2025,18:41:05,30 sec
37.71369463693877,21/03/2025,18:41:35,30 sec
37.504738546111454,21/03/2025,18:42:05,30 sec
36.65723975593677,21/03/2025,18:42:35,30 sec
37.43569910656178,21/03/2025,18:43:05,30 sec
37.22691361866525,21/03/2025,18:43:35,30 sec
36.58399179379868,21/03/2025,18:44:05,30 sec
37.82094007210054,21/03/2025,18:44:35,30 sec
37.02125460801511,21/03/2025,18:45:05,30 sec
36.94484900948466,21/03/2025,18:45:35,30 sec
37.69079564893075,21/03/2025,18:46:05,30 sec
37.59772061873942,21/03/2025,18:46:35,30 sec
37.47915803357467,21/03/2025,18:47:05,30 sec
36.69213999600631,21/03/2025,18:47:35,30 sec
37.81305742969448,21/03/2025,18:48:05,30 sec
37.779457535622754,21/03/2025,18:48:35,30 sec
37.58364125202945,21/03/2025,18:49:05,30 sec
37.274504427679716,21/03/2025,18:49:35,30 sec
36.80647107922959,21/03/2025,18:50:05,30 sec
37.57100320741471,21/03/2025,18:50:35,30 sec
37.670877881841456,21/03/2025,18:51:05,30 sec
36.02186706515517,21/03/2025,18:51:35,30 sec
36.20583211672729,21/03/2025,18:52:05,30 sec
37.119978987807166,21/03/2025,18:52:35,30 sec
36.91191605629231,21/03/2025,18:53:05,30 sec
36.52870909905893,21/03/2025,18:53:35,30 sec
37.63233273723134,21/03/2025,18:54:05,30 sec
36.332443393088,21/03/2025,18:54:35,30 sec
37.44333979022737,21/03/2025,18:55:05,30 sec
36.24209179877817,21/03/2025,18:55:35,30 sec
37.250510300598066,21/03/2025,18:56:05,30 sec
36.0164888339846,21/03/2025,18:56:35,30 sec
36.42749799299988,21/03/2025,18:57:05,30 sec
36.346632654323344,21/03/2025,18:57:35,30 sec
37.60547787861142,21/03/2025,18:58:05,30 sec
37.47589823948963,21/03/2025,18:58:35,30 sec
37.52234218699424,21/03/2025,18:59:05,30 sec
36.25704312022276,21/03/2025,18:59:35,30 sec
36.6105164324913,21/03/2025,19:00:05,30 sec
37.818570895525255,21/03/2025,19:00:35,30 sec
36.2116176049641,21/03/2025,19:01:05,30 sec
37.952663074928275,21/03/2025,19:01:35,30 sec
37.457062766618876,21/03/2025,19:02:05,30 sec
37.44950554761606,21/03/2025,19:02:35,30 sec
36.97935570461535,21/03/2025,19:03:05,30 sec
37.37475722366148,21/03/2025,19:03:35,30 sec
36.78357998578807,21/03/2025,19:04:05,30 sec
37.48570588623258,21/03/2025,19:04:35,30 sec
36.40831865934809,21/03/2025,19:05:05,30 sec
37.156164313938014,21/03/2025,19:05:35,30 sec
37.56675063370274,21/03/2025,19:06:05,30 sec
36.160452671425695,21/03/2025,19:06:35,30 sec
36.94024996719503,21/03/2025,19:07:05,30 sec
37.06422091673062,21/03/2025,19:07:35,30 sec
37.88788504281943,21/03/2025,19:08:05,30 sec
36.67696450272963,21/03/2025,19:08:35,30 sec
37.2564883564312,21/03/2025,19:09:05,30 sec
37.711707608986615,21/03/2025,19:09:35,30 sec
36.97939171982385,21/03/2025,19:10:05,30 sec
36.42654691236777,21/03/2025,19:10:35,30 sec
37.02070513291724,21/03/2025,19:11:05,30 sec
37.32689424479267,21/03/2025,19:11:35,30 sec
37.77060832687434,21/03/2025,19:12:05,30 sec
37.00390854466942,21/03/2025,19:12:35,30 sec
36.07122830900069,21/03/2025,19:13:05,30 sec
36.67258925521643,21/03/2025,19:13:35,30 sec
36.52924677789789,21/03/2025,19:14:05,30 sec
36.03240031463265,21/03/2025,19:14:35,30 sec
37.058620336340184,21/03/2025,19:15:05,30 sec
37.565425958181,21/03/2025,19:15:35,30 sec
37.13415685011561,21/03/2025,19:16:05,30 sec
37.45451242844711,21/03/2025,19:16:35,30 sec
37.99487866442988,21/03/2025,19:17:05,30 sec
37.870446540633054,21/03/2025,19:17:35,30 sec
36.01706753042816,21/03/2025,19:18:05,30 sec
36.64804136263693,21/03/2025,19:18:35,30 sec
37.2138319576645,21/03/2025,19:19:05,30 sec
36.33237354349194,21/03/2025,19:19:35,30 sec
37.875418531077386,21/03/2025,19:20:05,30 sec
36.49591794237926,21/03/2025,19:20:35,30 sec
37.83800819598762,21/03/2025,19:21:05,30 sec
36.15378519289358,21/03/2025,19:21:35,30 sec
37.885345423070305,21/03/2025,19:22:05,30 sec
36.36776540425387,21/03/2025,19:22:35,30 sec
36.005453431658516,21/03/2025,19:23:05,30 sec
36.84174091834659,21/03/2025,19:23:35,30 sec
37.33333806998464,21/03/2025,19:24:05,30 sec
37.863834025882646,21/03/2025,19:24:35,30 sec
36.830682839746764,21/03/2025,19:25:05,30 sec
37.51823014427493,21/03/2025,19:25:35,30 sec
36.33704235290277,21/03/2025,19:26:05,30 sec
37.1270376573083,21/03/2025,19:26:35,30 sec
36.35715043233887,21/03/2025,19:27:05,30 sec
37.62614582361204,21/03/2025,19:27:35,30 sec
37.64013019877202,21/03/2025,19:28:05,30 sec
37.546395329588854,21/03/2025,19:28:35,30 sec
36.604324624468205,21/03/2025,19:29:05,30 sec
36.7613128893334,21/03/2025,19:29:35,30 sec
37.34311508967403,21/03/2025,19:30:05,30 sec
36.75525959466638,21/03/2025,19:30:35,30 sec
36.2206622371192,21/03/2025,19:31:05,30 sec
36.22242952076599,21/03/2025,19:31:35,30 sec
37.87144353281551,21/03/2025,19:32:05,30 sec
37.9702903405491,21/03/2025,19:32:35,30 sec
37.224474499008146,21/03/2025,19:33:05,30 sec
36.79460680986855,21/03/2025,19:33:35,30 sec
37.484146337643644,21/03/2025,19:34:05,30 sec
37.922212669747445,21/03/2025,19:34:35,30 sec
36.84788356846127,21/03/2025,19:35:05,30 sec
36.268521647958195,21/03/2025,19:35:35,30 sec
37.19078673892296,21/03/2025,19:36:05,30 sec
37.896973440413284,21/03/2025,19:36:35,30 sec
36.59477042347993,21/03/2025,19:37:05,30 sec
36.24602432284776,21/03/2025,19:37:35,30 sec
36.071394499014794,21/03/2025,19:38:05,30 sec
36.735991295375456,21/03/2025,19:38:35,30 sec
36.28181755282826,21/03/2025,19:39:05,30 sec
36.89437223150526,21/03/2025,19:39:35,30 sec
37.683530231695784,21/03/2025,19:40:05,30 sec
37.03677169563891,21/03/2025,19:40:35,30 sec
37.05245421381697,21/03/2025,19:41:05,30 sec
36.48508715139886,21/03/2025,19:41:35,30 sec
37.49257498226725,21/03/2025,19:42:05,30 sec
36.250237055942804,21/03/2025,19:42:35,30 sec
36.1367140800736,21/03/2025,19:43:05,30 sec
37.7897636616687,21/03/2025,19:43:35,30 sec
36.07579530652295,21/03/2025,19:44:05,30 sec
36.88870025587544,21/03/2025,19:44:35,30 sec
37.47571896790405,21/03/2025,19:45:05,30 sec
37.7039829635795,21/03/2025,19:45:35,30 sec
37.22768554852214,21/03/2025,19:46:05,30 sec
36.63848789864684,21/03/2025,19:46:35,30 sec
36.23770478421036,21/03/2025,19:47:05,30 sec
37.83181506158641,21/03/2025,19:47:35,30 sec
36.033543608395256,21/03/2025,19:48:05,30 sec
37.8137978599343,21/03/2025,19:48:35,30 sec
37.72320983276662,21/03/2025,19:49:05,30 sec
36.187220617803845,21/03/2025,19:49:35,30 sec
37.480188047509024,21/03/2025,19:50:05,30 sec
36.2934534344057,21/03/2025,19:50:35,30 sec
36.19024766209576,21/03/2025,19:51:05,30 sec
37.65499142607377,21/03/2025,19:51:35,30 sec
37.23717930673687,21/03/2025,19:52:05,30 sec
36.8497954463217,21/03/2025,19:52:35,30 sec
36.725990760549315,21/03/2025,19:53:05,30 sec
37.402696589083035,21/03/2025,19:53:35,30 sec
36.86885899156332,21/03/2025,19:54:05,30 sec
36.60903001970795,21/03/2025,19:54:35,30 sec
37.44969384737689,21/03/2025,19:55:05,30 sec
37.04643039129829,21/03/2025,19:55:35,30 sec
37.926976234692326,21/03/2025,19:56:05,30 sec
37.274930515133825,21/03/2025,19:56:35,30 sec
36.052289223011684,21/03/2025,19:57:05,30 sec
36.046984800058745,21/03/2025,19:57:35,30 sec
37.125621632148906,21/03/2025,19:58:05,30 sec
37.7028672119387,21/03/2025,19:58:35,30 sec
37.9612888856801,21/03/2025,19:59:05,30 sec
36.54939863951497,21/03/2025,19:59:35,30 sec
36.11464321243209,21/03/2025,20:00:05,30 sec
37.42871915050677,21/03/2025,20:00:35,30 sec
37.265332322033935,21/03/2025,20:01:05,30 sec
36.677662952527015,21/03/2025,20:01:35,30 sec
36.244672210851284,21/03/2025,20:02:05,30 sec
36.83729868829131,21/03/2025,20:02:35,30 sec
37.94092113269792,21/03/2025,20:03:05,30 sec
37.15769075516276,21/03/2025,20:03:35,30 sec
37.15633890394407,21/03/2025,20:04:05,30 sec
36.797498663345266,21/03/2025,20:04:35,30 sec
37.894585505901524,21/03/2025,20:05:05,30 sec
37.06548700228639,21/03/2025,20:05:35,30 sec
36.02821225957469,21/03/2025,20:06:05,30 sec
37.79644974234806,21/03/2025,20:06:35,30 sec
37.86692966585985,21/03/2025,20:07:05,30 sec
36.48378299844525,21/03/2025,20:07:35,30 sec
37.88245012722871,21/03/2025,20:08:05,30 sec
37.87255337447,21/03/2025,20:08:35,30 sec
37.34070779079723,21/03/2025,20:09:05,30 sec
36.899227394548106,21/03/2025,20:09:35,30 sec
36.47410017323151,21/03/2025,20:10:05,30 sec
37.977334463340064,21/03/2025,20:10:35,30 sec
36.25328425673485,21/03/2025,20:11:05,30 sec
36.283554559376334,21/03/2025,20:11:35,30 sec
37.97944450542916,21/03/2025,20:12:05,30 sec
36.78863579755317,21/03/2025,20:12:35,30 sec
36.5345348313802,21/03/2025,20:13:05,30 sec
36.97597836001575,21/03/2025,20:13:35,30 sec
37.95073397436078,21/03/2025,20:14:05,30 sec
36.45275404161752,21/03/2025,20:14:35,30 sec
37.2744500183693,21/03/2025,20:15:05,30 sec
36.72038841568727,21/03/2025,20:15:35,30 sec
37.819111691738385,21/03/2025,20:16:05,30 sec
36.25069581648785,21/03/2025,20:16:35,30 sec
37.67040292031656,21/03/2025,20:17:05,30 sec
36.50975357594771,21/03/2025,20:17:35,30 sec
36.60447826944676,21/03/2025,20:18:05,30 sec
36.763809886485866,21/03/2025,20:18:35,30 sec
36.812249021388595,21/03/2025,20:19:05,30 sec
37.25146490891871,21/03/2025,20:19:35,30 sec
36.43050404071369,21/03/2025,20:20:05,30 sec
36.75663034007815,21/03/2025,20:20:35,30 sec
36.83412658684453,21/03/2025,20:21:05,30 sec
36.69118055029222,21/03/2025,20:21:35,30 sec
36.94494739088016,21/03/2025,20:22:05,30 sec
36.69984310424708,21/03/2025,20:22:35,30 sec
37.995031478164925,21/03/2025,20:23:05,30 sec
36.51905990877455,21/03/2025,20:23:35,30 sec
37.80989046710216,21/03/2025,20:24:05,30 sec
36.62386619260857,21/03/2025,20:24:35,30 sec
36.845941488430654,21/03/2025,20:25:05,30 sec
37.13110603483063,21/03/2025,20:25:35,30 sec
36.05345776903653,21/03/2025,20:26:05,30 sec
37.823613530863355,21/03/2025,20:26:35,30 sec
37.799469221013126,21/03/2025,20:27:05,30 sec
36.129660516148306,21/03/2025,20:27:35,30 sec
36.26403533338285,21/03/2025,20:28:05,30 sec
37.827588082429536,21/03/2025,20:28:35,30 sec
36.13872623417543,21/03/2025,20:29:05,30 sec
36.3209249893314,21/03/2025,20:29:35,30 sec
36.359961602920144,21/03/2025,20:30:05,30 sec
37.99953041842533,21/03/2025,20:30:35,30 sec
36.78528316474623,21/03/2025,20:31:05,30 sec
37.70371069643946,21/03/2025,20:31:35,30 sec
37.98211495974007,21/03/2025,20:32:05,30 sec
37.15842513727463,21/03/2025,20:32:35,30 sec
37.99181440189146,21/03/2025,20:33:05,30 sec
37.74244589438884,21/03/2025,20:33:35,30 sec
36.43377429270262,21/03/2025,20:34:05,30 sec
36.68274723968533,21/03/2025,20:34:35,30 sec
36.53321862694216,21/03/2025,20:35:05,30 sec
37.07879915282071,21/03/2025,20:35:35,30 sec
36.531584387434904,21/03/2025,20:36:05,30 sec
36.707407326905575,21/03/2025,20:36:35,30 sec
36.94071043221578,21/03/2025,20:37:05,30 sec
37.76010444321065,21/03/2025,20:37:35,30 sec
37.73340867118009,21/03/2025,20:38:05,30 sec
37.226933469796826,21/03/2025,20:38:35,30 sec
37.85657973431706,21/03/2025,20:39:05,30 sec
36.04910217380013,21/03/2025,20:39:35,30 sec
36.47330700419051,21/03/2025,20:40:05,30 sec
36.18600548531805,21/03/2025,20:40:35,30 sec
37.68302109381313,21/03/2025,20:41:05,30 sec
37.92833860374352,21/03/2025,20:41:35,30 sec
37.76082794613518,21/03/2025,20:42:05,30 sec
36.968535466794016,21/03/2025,20:42:35,30 sec
37.35663581998127,21/03/2025,20:43:05,30 sec
36.52389383924507,21/03/2025,20:43:35,30 sec
37.791258902599296,21/03/2025,20:44:05,30 sec
36.08906641701719,21/03/2025,20:44:35,30 sec
36.30091502584022,21/03/2025,20:45:05,30 sec
36.84693715590655,21/03/2025,20:45:35,30 sec
36.5654301075056,21/03/2025,20:46:05,30 sec
36.34533926524918,21/03/2025,20:46:35,30 sec
36.39221275360705,21/03/2025,20:47:05,30 sec
36.4879361254966,21/03/2025,20:47:35,30 sec
36.33212169775436,21/03/2025,20:48:05,30 sec
37.20845618864819,21/03/2025,20:48:35,30 sec
36.12042364615184,21/03/2025,20:49:05,30 sec
37.19717444200207,21/03/2025,20:49:35,30 sec
36.04307653090943,21/03/2025,20:50:05,30 sec
36.80714733013591,21/03/2025,20:50:35,30 sec
37.033781051301496,21/03/2025,20:51:05,30 sec
37.64656133844493,21/03/2025,20:51:35,30 sec
37.95007455752637,21/03/2025,20:52:05,30 sec
36.505223969659376,21/03/2025,20:52:35,30 sec
37.027894992645884,21/03/2025,20:53:05,30 sec
36.09154362878868,21/03/2025,20:53:35,30 sec
37.975476533051065,21/03/2025,20:54:05,30 sec
37.77638254727196,21/03/2025,20:54:35,30 sec
36.07235369231265,21/03/2025,20:55:05,30 sec
37.13825948970039,21/03/2025,20:55:35,30 sec
36.55209990184514,21/03/2025,20:56:05,30 sec
37.84809867391699,21/03/2025,20:56:35,30 sec
37.563913324292,21/03/2025,20:57:05,30 sec
37.3699013235942,21/03/2025,20:57:35,30 sec
37.255241281110244,21/03/2025,20:58:05,30 sec
37.41643100563126,21/03/2025,20:58:35,30 sec
36.65350601090298,21/03/2025,20:59:05,30 sec
36.19758308943376,21/03/2025,20:59:35,30 sec
36.73911362871509,21/03/2025,21:00:05,30 sec
36.62613134709436,21/03/2025,21:00:35,30 sec
37.61499743504896,21/03/2025,21:01:05,30 sec
36.974835619436035,21/03/2025,21:01:35,30 sec
37.24191918416712,21/03/2025,21:02:05,30 sec
36.46553668398636,21/03/2025,21:02:35,30 sec
37.60683000937272,21/03/2025,21:03:05,30 sec
37.151181658096405,21/03/2025,21:03:35,30 sec
36.238233205736975,21/03/2025,21:04:05,30 sec
37.74329550705116,21/03/2025,21:04:35,30 sec
36.02338938962848,21/03/2025,21:05:05,30 sec
37.039070337020696,21/03/2025,21:05:35,30 sec
36.69432475315544,21/03/2025,21:06:05,30 sec
36.89406068495546,21/03/2025,21:06:35,30 sec
37.041136011910424,21/03/2025,21:07:05,30 sec
36.62977886272738,21/03/2025,21:07:35,30 sec
37.82149619849843,21/03/2025,21:08:05,30 sec
37.00285783068255,21/03/2025,21:08:35,30 sec
37.935246738618495,21/03/2025,21:09:05,30 sec
36.81771791111911,21/03/2025,21:09:35,30 sec
36.22447447300716,21/03/2025,21:10:05,30 sec
37.64291671330492,21/03/2025,21:10:35,30 sec
37.275713513514816,21/03/2025,21:11:05,30 sec
37.37890429693607,21/03/2025,21:11:35,30 sec
36.906341188797704,21/03/2025,21:12:05,30 sec
36.38933197559905,21/03/2025,21:12:35,30 sec
37.20755068188311,21/03/2025,21:13:05,30 sec
37.098193525276656,21/03/2025,21:13:35,30 sec
36.718441330753855,21/03/2025,21:14:05,30 sec
36.20099623134307,21/03/2025,21:14:35,30 sec
36.677964516194315,21/03/2025,21:15:05,30 sec
37.55119276556415,21/03/2025,21:15:35,30 sec
37.5331639371854,21/03/2025,21:16:05,30 sec
36.255828094029894,21/03/2025,21:16:35,30 sec
37.69404229897885,21/03/2025,21:17:05,30 sec
37.2206025400232,21/03/2025,21:17:35,30 sec
36.669440693881995,21/03/2025,21:18:05,30 sec
37.279395181971275,21/03/2025,21:18:35,30 sec
36.47772113218257,21/03/2025,21:19:05,30 sec
36.86306355505112,21/03/2025,21:19:35,30 sec
37.915261562352256,21/03/2025,21:20:05,30 sec
37.924609888537425,21/03/2025,21:20:35,30 sec
37.730499777440464,21/03/2025,21:21:05,30 sec
36.34141439968739,21/03/2025,21:21:35,30 sec
37.868460449306255,21/03/2025,21:22:05,30 sec
36.34025495226884,21/03/2025,21:22:35,30 sec
37.128560344044914,21/03/2025,21:23:05,30 sec
37.49859176074589,21/03/2025,21:23:35,30 sec
37.25647626564449,21/03/2025,21:24:05,30 sec
36.70867258649919,21/03/2025,21:24:35,30 sec
36.63966892158888,21/03/2025,21:25:05,30 sec
37.07323516728853,21/03/2025,21:25:35,30 sec
37.39774736710097,21/03/2025,21:26:05,30 sec
36.23803025793924,21/03/2025,21:26:35,30 sec
37.286428401768724,21/03/2025,21:27:05,30 sec
36.14338494195021,21/03/2025,21:27:35,30 sec
36.03185249082191,21/03/2025,21:28:05,30 sec
37.86215378725342,21/03/2025,21:28:35,30 sec
36.57615935117366,21/03/2025,21:29:05,30 sec
36.133490814628,21/03/2025,21:29:35,30 sec
36.3724622268248,21/03/2025,21:30:05,30 sec
37.73099612975597,21/03/2025,21:30:35,30 sec
36.975887225172045,21/03/2025,21:31:05,30 sec
36.03127668419802,21/03/2025,21:31:35,30 sec
36.4266188536251,21/03/2025,21:32:05,30 sec
36.46738973930069,21/03/2025,21:32:35,30 sec
37.53161928345029,21/03/2025,21:33:05,30 sec
37.1348346240474,21/03/2025,21:33:35,30 sec
36.375816966979926,21/03/2025,21:34:05,30 sec
37.12080660782964,21/03/2025,21:34:35,30 sec
37.0142953364268,21/03/2025,21:35:05,30 sec
36.38665050346926,21/03/2025,21:35:35,30 sec
36.128807703086885,21/03/2025,21:36:05,30 sec
36.766429880625964,21/03/2025,21:36:35,30 sec
37.820501054684904,21/03/2025,21:37:05,30 sec
37.15009033723719,21/03/2025,21:37:35,30 sec
37.033005188446595,21/03/2025,21:38:05,30 sec
36.77791802518933,21/03/2025,21:38:35,30 sec
37.26423594435065,21/03/2025,21:39:05,30 sec
37.14520577615049,21/03/2025,21:39:35,30 sec
37.170825124369216,21/03/2025,21:40:05,30 sec
36.944821409772246,21/03/2025,21:40:35,30 sec
36.86672960413453,21/03/2025,21:41:05,30 sec
37.18454430325493,21/03/2025,21:41:35,30 sec
36.6692394065449,21/03/2025,21:42:05,30 sec
36.81068851792412,21/03/2025,21:42:35,30 sec
36.78450466056059,21/03/2025,21:43:05,30 sec
37.33597875691162,21/03/2025,21:43:35,30 sec
36.01528360431083,21/03/2025,21:44:05,30 sec
37.87547745088696,21/03/2025,21:44:35,30 sec
37.611587343094136,21/03/2025,21:45:05,30 sec
37.18839824623555,21/03/2025,21:45:35,30 sec
36.49720720212842,21/03/2025,21:46:05,30 sec
36.635967313930294,21/03/2025,21:46:35,30 sec
37.44996903700842,21/03/2025,21:47:05,30 sec
36.00743083024732,21/03/2025,21:47:35,30 sec
37.580409707530855,21/03/2025,21:48:05,30 sec
36.83044023764563,21/03/2025,21:48:35,30 sec
36.3631269615063,21/03/2025,21:49:05,30 sec
36.74219636688893,21/03/2025,21:49:35,30 sec
37.2792587573909,21/03/2025,21:50:05,30 sec
37.70898548221347,21/03/2025,21:50:35,30 sec
37.11061295633421,21/03/2025,21:51:05,30 sec
37.080416804532575,21/03/2025,21:51:35,30 sec
36.40033959522119,21/03/2025,21:52:05,30 sec
37.66835265575643,21/03/2025,21:52:35,30 sec
36.40742519239352,21/03/2025,21:53:05,30 sec
37.04803784692414,21/03/2025,21:53:35,30 sec
37.909638358924006,21/03/2025,21:54:05,30 sec
37.170361083843574,21/03/2025,21:54:35,30 sec
36.86007787084289,21/03/2025,21:55:05,30 sec
36.01084552845124,21/03/2025,21:55:35,30 sec
36.61561471957183,21/03/2025,21:56:05,30 sec
37.505449911676955,21/03/2025,21:56:35,30 sec
36.201989846568004,21/03/2025,21:57:05,30 sec
36.35938851519914,21/03/2025,21:57:35,30 sec
37.86207248781803,21/03/2025,21:58:05,30 sec
36.668030808843355,21/03/2025,21:58:35,30 sec
37.48401381723188,21/03/2025,21:59:05,30 sec
36.64484526611837,21/03/2025,21:59:35,30 sec
36.98919024283982,21/03/2025,22:00:05,30 sec
36.37788477155504,21/03/2025,22:00:35,30 sec
37.47163273554786,21/03/2025,22:01:05,30 sec
37.48230338548528,21/03/2025,22:01:35,30 sec
37.948026587605284,21/03/2025,22:02:05,30 sec
37.111921323230234,21/03/2025,22:02:35,30 sec
36.658552247578356,21/03/2025,22:03:05,30 sec
37.14924666209787,21/03/2025,22:03:35,30 sec
37.64326846930247,21/03/2025,22:04:05,30 sec
36.90319761648408,21/03/2025,22:04:35,30 sec
37.02712083983786,21/03/2025,22:05:05,30 sec
36.48087300508142,21/03/2025,22:05:35,30 sec
36.33094344276212,21/03/2025,22:06:05,30 sec
36.61917194855643,21/03/2025,22:06:35,30 sec
36.96921376762684,21/03/2025,22:07:05,30 sec
36.40019544951428,21/03/2025,22:07:35,30 sec
37.712270330844,21/03/2025,22:08:05,30 sec
37.448745249823176,21/03/2025,22:08:35,30 sec
36.62691829580022,21/03/2025,22:09:05,30 sec
36.21970560728915,21/03/2025,22:09:35,30 sec
37.24177566090106,21/03/2025,22:10:05,30 sec
37.40772185346344,21/03/2025,22:10:35,30 sec
37.32056256956612,21/03/2025,22:11:05,30 sec
36.71270756854741,21/03/2025,22:11:35,30 sec
37.60725663327075,21/03/2025,22:12:05,30 sec
36.814899300341175,21/03/2025,22:12:35,30 sec
37.702331811593325,21/03/2025,22:13:05,30 sec
36.876258379512954,21/03/2025,22:13:35,30 sec
36.34112407378168,21/03/2025,22:14:05,30 sec
37.896073930938925,21/03/2025,22:14:35,30 sec
36.80692075464407,21/03/2025,22:15:05,30 sec
37.293979221037795,21/03/2025,22:15:35,30 sec
36.08711232762176,21/03/2025,22:16:05,30 sec
36.94082882748716,21/03/2025,22:16:35,30 sec
36.266371802281775,21/03/2025,22:17:05,30 sec
36.055829437665444,21/03/2025,22:17:35,30 sec
37.17329584667271,21/03/2025,22:18:05,30 sec
36.767047840437435,21/03/2025,22:18:35,30 sec
36.61445446691998,21/03/2025,22:19:05,30 sec
37.30326418576488,21/03/2025,22:19:35,30 sec
36.83180585629637,21/03/2025,22:20:05,30 sec
36.64067715298263,21/03/2025,22:20:35,30 sec
37.82664178008996,21/03/2025,22:21:05,30 sec
37.64202365472868,21/03/2025,22:21:35,30 sec
37.65759320222329,21/03/2025,22:22:05,30 sec
36.253334969698365,21/03/2025,22:22:35,30 sec
36.02494489939257,21/03/2025,22:23:05,30 sec
37.901131233050236,21/03/2025,22:23:35,30 sec
37.71303625712046,21/03/2025,22:24:05,30 sec
37.87794759954364,21/03/2025,22:24:35,30 sec
36.622568811443024,21/03/2025,22:25:05,30 sec
37.01550460470405,21/03/2025,22:25:35,30 sec
36.06214692090486,21/03/2025,22:26:05,30 sec
36.40266766131214,21/03/2025,22:26:35,30 sec
37.09155592989036,21/03/2025,22:27:05,30 sec
37.17091362052113,21/03/2025,22:27:35,30 sec
36.457580149678826,21/03/2025,22:28:05,30 sec
36.58590960634087,21/03/2025,22:28:35,30 sec
36.00728699562229,21/03/2025,22:29:05,30 sec
36.77384498004011,21/03/2025,22:29:35,30 sec
36.405605479478034,21/03/2025,22:30:05,30 sec
36.580414877722546,21/03/2025,22:30:35,30 sec
37.05691190989862,21/03/2025,22:31:05,30 sec
36.29516376200646,21/03/2025,22:31:35,30 sec
36.898652136401324,21/03/2025,22:32:05,30 sec
36.541837294302724,21/03/2025,22:32:35,30 sec
37.29448700019625,21/03/2025,22:33:05,30 sec
37.585288414323124,21/03/2025,22:33:35,30 sec
37.73199376602859,21/03/2025,22:34:05,30 sec
36.96741758848966,21/03/2025,22:34:35,30 sec
36.083796901773695,21/03/2025,22:35:05,30 sec
37.86992509610382,21/03/2025,22:35:35,30 sec
36.51058944632952,21/03/2025,22:36:05,30 sec
37.30289426054924,21/03/2025,22:36:35,30 sec
36.890543831571854,21/03/2025,22:37:05,30 sec
37.30923466598841,21/03/2025,22:37:35,30 sec
36.20405299298617,21/03/2025,22:38:05,30 sec
37.31087553196042,21/03/2025,22:38:35,30 sec
36.368789021629276,21/03/2025,22:39:05,30 sec
37.739633933465335,21/03/2025,22:39:35,30 sec
36.42217502460344,21/03/2025,22:40:05,30 sec
37.71147591510284,21/03/2025,22:40:35,30 sec
36.032235264879375,21/03/2025,22:41:05,30 sec
36.01626116934295,21/03/2025,22:41:35,30 sec
37.460374450268816,21/03/2025,22:42:05,30 sec
36.68609850106091,21/03/2025,22:42:35,30 sec
37.20914146646741,21/03/2025,22:43:05,30 sec
36.235463592463084,21/03/2025,22:43:35,30 sec
37.603910625752306,21/03/2025,22:44:05,30 sec
36.97782261762305,21/03/2025,22:44:35,30 sec
37.950364050308785,21/03/2025,22:45:05,30 sec
37.04049301296551,21/03/2025,22:45:35,30 sec
37.181639867356175,21/03/2025,22:46:05,30 sec
36.526934237491126,21/03/2025,22:46:35,30 sec
37.09322333149602,21/03/2025,22:47:05,30 sec
37.19992355757832,21/03/2025,22:47:35,30 sec
37.424552370392846,21/03/2025,22:48:05,30 sec
37.847715448851744,21/03/2025,22:48:35,30 sec
37.77959520252399,21/03/2025,22:49:05,30 sec
36.697134187862055,21/03/2025,22:49:35,30 sec
36.31128071351032,21/03/2025,22:50:05,30 sec
37.68268562210024,21/03/2025,22:50:35,30 sec
36.384832407153205,21/03/2025,22:51:05,30 sec
37.68052586586719,21/03/2025,22:51:35,30 sec
37.27222167942473,21/03/2025,22:52:05,30 sec
36.86306791921969,21/03/2025,22:52:35,30 sec
37.034822458848076,21/03/2025,22:53:05,30 sec
37.79797238896005,21/03/2025,22:53:35,30 sec
37.875868802615635,21/03/2025,22:54:05,30 sec
36.7593295586475,21/03/2025,22:54:35,30 sec
36.67169259984414,21/03/2025,22:55:05,30 sec
37.67533141114347,21/03/2025,22:55:35,30 sec
36.435403970821056,21/03/2025,22:56:05,30 sec
37.22322540459734,21/03/2025,22:56:35,30 sec
36.97437489992171,21/03/2025,22:57:05,30 sec
36.59767007820888,21/03/2025,22:57:35,30 sec
36.850551083199534,21/03/2025,22:58:05,30 sec
37.50285031323264,21/03/2025,22:58:35,30 sec
37.34844838942829,21/03/2025,22:59:05,30 sec
37.813188833167324,21/03/2025,22:59:35,30 sec
37.939147332748696,21/03/2025,23:00:05,30 sec
36.25478517950703,21/03/2025,23:00:35,30 sec
37.670377237382574,21/03/2025,23:01:05,30 sec
37.303653928957445,21/03/2025,23:01:35,30 sec
37.014840547971936,21/03/2025,23:02:05,30 sec
37.4824992744673,21/03/2025,23:02:35,30 sec
36.50446874394528,21/03/2025,23:03:05,30 sec
37.35147795132354,21/03/2025,23:03:35,30 sec
36.53177431807569,21/03/2025,23:04:05,30 sec
37.99774935932013,21/03/2025,23:04:35,30 sec
36.10657576064565,21/03/2025,23:05:05,30 sec
36.782415732405,21/03/2025,23:05:35,30 sec
37.244076486171906,21/03/2025,23:06:05,30 sec
36.83179447781644,21/03/2025,23:06:35,30 sec
37.68677351556482,21/03/2025,23:07:05,30 sec
37.37417084221186,21/03/2025,23:07:35,30 sec
37.5174182246344,21/03/2025,23:08:05,30 sec
37.915823696262166,21/03/2025,23:08:35,30 sec
37.12394268737305,21/03/2025,23:09:05,30 sec
36.595036602674234,21/03/2025,23:09:35,30 sec
36.18186570013502,21/03/2025,23:10:05,30 sec
36.305071337640776,21/03/2025,23:10:35,30 sec
36.608393769673484,21/03/2025,23:11:05,30 sec
36.57302271434814,21/03/2025,23:11:35,30 sec
37.62969782586138,21/03/2025,23:12:05,30 sec
37.23867372118557,21/03/2025,23:12:35,30 sec
37.534371341847034,21/03/2025,23:13:05,30 sec
37.99474769541325,21/03/2025,23:13:35,30 sec
36.738818222294235,21/03/2025,23:14:05,30 sec
36.407397885665794,21/03/2025,23:14:35,30 sec
36.37247968203134,21/03/2025,23:15:05,30 sec
37.49470506845115,21/03/2025,23:15:35,30 sec
37.641841752269926,21/03/2025,23:16:05,30 sec
36.943952233915525,21/03/2025,23:16:35,30 sec
36.22277447370101,21/03/2025,23:17:05,30 sec
36.01933905295795,21/03/2025,23:17:35,30 sec
36.362888990115046,21/03/2025,23:18:05,30 sec
37.85566692798358,21/03/2025,23:18:35,30 sec
36.282467888044984,21/03/2025,23:19:05,30 sec
37.63669399686846,21/03/2025,23:19:35,30 sec
36.90857593703331,21/03/2025,23:20:05,30 sec
37.88690905298324,21/03/2025,23:20:35,30 sec
37.55789875216988,21/03/2025,23:21:05,30 sec
37.31123010388575,21/03/2025,23:21:35,30 sec
37.526638672451035,21/03/2025,23:22:05,30 sec
36.12867718251683,21/03/2025,23:22:35,30 sec
37.808620831305184,21/03/2025,23:23:05,30 sec
36.27472552947094,21/03/2025,23:23:35,30 sec
36.535085937082286,21/03/2025,23:24:05,30 sec
36.08539668482543,21/03/2025,23:24:35,30 sec
37.93216728637859,21/03/2025,23:25:05,30 sec
36.79801353430045,21/03/2025,23:25:35,30 sec
37.37672604359373,21/03/2025,23:26:05,30 sec
37.364016300789736,21/03/2025,23:26:35,30 sec
37.78125069579018,21/03/2025,23:27:05,30 sec
36.4046312222959,21/03/2025,23:27:35,30 sec
36.368367230070405,21/03/2025,23:28:05,30 sec
36.66808394085152,21/03/2025,23:28:35,30 sec
37.75086292370805,21/03/2025,23:29:05,30 sec
36.866285090103695,21/03/2025,23:29:35,30 sec
37.990944129927364,21/03/2025,23:30:05,30 sec
37.35955820846374,21/03/2025,23:30:35,30 sec
37.38094042417943,21/03/2025,23:31:05,30 sec
37.68136570255342,21/03/2025,23:31:35,30 sec
37.50627558173293,21/03/2025,23:32:05,30 sec
36.49368998526546,21/03/2025,23:32:35,30 sec
37.69096526454212,21/03/2025,23:33:05,30 sec
37.1615726816215,21/03/2025,23:33:35,30 sec
37.18811286818922,21/03/2025,23:34:05,30 sec
37.93738699793098,21/03/2025,23:34:35,30 sec
37.9960743321731,21/03/2025,23:35:05,30 sec
36.73803964939796,21/03/2025,23:35:35,30 sec
36.51958997304516,21/03/2025,23:36:05,30 sec
37.94905145299135,21/03/2025,23:36:35,30 sec
36.54995290863854,21/03/2025,23:37:05,30 sec
37.64717572561495,21/03/2025,23:37:35,30 sec
36.33614066415891,21/03/2025,23:38:05,30 sec
37.42796035876625,21/03/2025,23:38:35,30 sec
37.51799083616314,21/03/2025,23:39:05,30 sec
37.76776952174836,21/03/2025,23:39:35,30 sec
36.08240100126982,21/03/2025,23:40:05,30 sec
36.93383492687473,21/03/2025,23:40:35,30 sec
36.50488460158416,21/03/2025,23:41:05,30 sec
36.054728826200495,21/03/2025,23:41:35,30 sec
36.10356751627142,21/03/2025,23:42:05,30 sec
36.532324466405825,21/03/2025,23:42:35,30 sec
37.14406955083153,21/03/2025,23:43:05,30 sec
36.7511577360758,21/03/2025,23:43:35,30 sec
37.206136752561164,21/03/2025,23:44:05,30 sec
36.53970775623532,21/03/2025,23:44:35,30 sec
36.10207090088568,21/03/2025,23:45:05,30 sec
37.35930128105163,21/03/2025,23:45:35,30 sec
37.59990195886687,21/03/2025,23:46:05,30 sec
37.320193478766875,21/03/2025,23:46:35,30 sec
37.25906567635293,21/03/2025,23:47:05,30 sec
37.21221485876256,21/03/2025,23:47:35,30 sec
36.77253904531402,21/03/2025,23:48:05,30 sec
36.43177904400714,21/03/2025,23:48:35,30 sec
37.79764903177848,21/03/2025,23:49:05,30 sec
37.41184530741354,21/03/2025,23:49:35,30 sec
36.85006444486841,21/03/2025,23:50:05,30 sec
37.621705397262936,21/03/2025,23:50:35,30 sec
37.46500388707383,21/03/2025,23:51:05,30 sec
37.885536905003576,21/03/2025,23:51:35,30 sec
36.56090217603612,21/03/2025,23:52:05,30 sec
36.44012371003602,21/03/2025,23:52:35,30 sec
37.36937390831021,21/03/2025,23:53:05,30 sec
37.36180535347102,21/03/2025,23:53:35,30 sec
37.048249884536936,21/03/2025,23:54:05,30 sec
37.570667486632836,21/03/2025,23:54:35,30 sec
36.32994423901404,21/03/2025,23:55:05,30 sec
37.17754974098725,21/03/2025,23:55:35,30 sec
36.46488705203068,21/03/2025,23:56:05,30 sec
37.36920233693881,21/03/2025,23:56:35,30 sec
37.01993720002035,21/03/2025,23:57:05,30 sec
36.002700987269726,21/03/2025,23:57:35,30 sec
37.5365213193444,21/03/2025,23:58:05,30 sec
37.55710338256728,21/03/2025,23:58:35,30 sec
36.92593271039405,21/03/2025,23:59:05,30 sec
37.80463372603097,21/03/2025,23:59:35,30 sec
37.09422276816174,22/03/2025,00:00:05,30 sec
36.53298855870509,22/03/2025,00:00:35,30 sec
36.49212746447587,22/03/2025,00:01:05,30 sec
37.67349610126033,22/03/2025,00:01:35,30 sec
36.95344776053875,22/03/2025,00:02:05,30 sec
37.34691423218454,22/03/2025,00:02:35,30 sec
36.72644875842348,22/03/2025,00:03:05,30 sec
37.490940546704394,22/03/2025,00:03:35,30 sec
37.456608795111336,22/03/2025,00:04:05,30 sec
36.02361736899773,22/03/2025,00:04:35,30 sec
37.016143240885306,22/03/2025,00:05:05,30 sec
37.84856664154339,22/03/2025,00:05:35,30 sec
36.498098394959406,22/03/2025,00:06:05,30 sec
36.62646708412422,22/03/2025,00:06:35,30 sec
36.93366252145552,22/03/2025,00:07:05,30 sec
36.10871488787764,22/03/2025,00:07:35,30 sec
37.9151293446627,22/03/2025,00:08:05,30 sec
36.221366303048335,22/03/2025,00:08:35,30 sec
37.409372408173475,22/03/2025,00:09:05,30 sec
37.04907931676243,22/03/2025,00:09:35,30 sec
37.754705755543036,22/03/2025,00:10:05,30 sec
37.72992202394415,22/03/2025,00:10:35,30 sec
36.80581400503898,22/03/2025,00:11:05,30 sec
36.14393350367497,22/03/2025,00:11:35,30 sec
37.11649336254059,22/03/2025,00:12:05,30 sec
37.553781871726095,22/03/2025,00:12:35,30 sec
36.14894941961709,22/03/2025,00:13:05,30 sec
36.20859425568248,22/03/2025,00:13:35,30 sec
36.023310222991064,22/03/2025,00:14:05,30 sec
37.80711122688606,22/03/2025,00:14:35,30 sec
37.05502686607169,22/03/2025,00:15:05,30 sec
37.870074288567615,22/03/2025,00:15:35,30 sec
36.08541193786039,22/03/2025,00:16:05,30 sec
36.01176452787936,22/03/2025,00:16:35,30 sec
37.737403762126995,22/03/2025,00:17:05,30 sec
37.12570360646535,22/03/2025,00:17:35,30 sec
36.60169888817231,22/03/2025,00:18:05,30 sec
36.1897825114799,22/03/2025,00:18:35,30 sec
36.885869357104355,22/03/2025,00:19:05,30 sec
37.11282774767367,22/03/2025,00:19:35,30 sec
37.18042620718804,22/03/2025,00:20:05,30 sec
36.430423723964765,22/03/2025,00:20:35,30 sec
36.18171138638768,22/03/2025,00:21:05,30 sec
36.136518703952284,22/03/2025,00:21:35,30 sec
37.96395014335461,22/03/2025,00:22:05,30 sec
37.21401935905828,22/03/2025,00:22:35,30 sec
37.74497470227173,22/03/2025,00:23:05,30 sec
37.98856297476031,22/03/2025,00:23:35,30 sec
36.106497408151974,22/03/2025,00:24:05,30 sec
36.04251596853391,22/03/2025,00:24:35,30 sec
36.90606226222473,22/03/2025,00:25:05,30 sec
37.639818557924436,22/03/2025,00:25:35,30 sec
36.28089788120485,22/03/2025,00:26:05,30 sec
37.25665032537757,22/03/2025,00:26:35,30 sec
37.35203351160399,22/03/2025,00:27:05,30 sec
37.499361684405656,22/03/2025,00:27:35,30 sec
37.67967292056838,22/03/2025,00:28:05,30 sec
37.3122787071914,22/03/2025,00:28:35,30 sec
36.91865593952134,22/03/2025,00:29:05,30 sec
36.60767182671585,22/03/2025,00:29:35,30 sec
36.227826833564016,22/03/2025,00:30:05,30 sec
37.24346006273706,22/03/2025,00:30:35,30 sec
36.08247114594484,22/03/2025,00:31:05,30 sec
37.367431348833094,22/03/2025,00:31:35,30 sec
36.539139160259374,22/03/2025,00:32:05,30 sec
37.55747193721634,22/03/2025,00:32:35,30 sec
37.55283831375799,22/03/2025,00:33:05,30 sec
37.714344954643664,22/03/2025,00:33:35,30 sec
37.52471187095431,22/03/2025,00:34:05,30 sec
36.38701492349605,22/03/2025,00:34:35,30 sec
36.27212155144446,22/03/2025,00:35:05,30 sec
36.99171144781143,22/03/2025,00:35:35,30 sec
36.50197541684523,22/03/2025,00:36:05,30 sec
37.36744048576912,22/03/2025,00:36:35,30 sec
36.60289125297909,22/03/2025,00:37:05,30 sec
37.21630912936833,22/03/2025,00:37:35,30 sec
37.15431385280747,22/03/2025,00:38:05,30 sec
37.411914841839625,22/03/2025,00:38:35,30 sec
37.51421120601103,22/03/2025,00:39:05,30 sec
37.90948398644184,22/03/2025,00:39:35,30 sec
36.755919754009824,22/03/2025,00:40:05,30 sec
36.32500908439321,22/03/2025,00:40:35,30 sec
37.17478853858023,22/03/2025,00:41:05,30 sec
36.21615785848022,22/03/2025,00:41:35,30 sec
37.70344426822581,22/03/2025,00:42:05,30 sec
36.0252850160361,22/03/2025,00:42:35,30 sec
37.51896465198516,22/03/2025,00:43:05,30 sec
36.645801857091115,22/03/2025,00:43:35,30 sec
37.585460601584636,22/03/2025,00:44:05,30 sec
37.04002327404174,22/03/2025,00:44:35,30 sec
37.07222967241193,22/03/2025,00:45:05,30 sec
36.44324890921025,22/03/2025,00:45:35,30 sec
36.77271145098041,22/03/2025,00:46:05,30 sec
37.89031895392623,22/03/2025,00:46:35,30 sec
36.60614524251972,22/03/2025,00:47:05,30 sec
37.33354684104235,22/03/2025,00:47:35,30 sec
36.82656567949102,22/03/2025,00:48:05,30 sec
37.002347990216634,22/03/2025,00:48:35,30 sec
37.038264808878345,22/03/2025,00:49:05,30 sec
36.18388179961297,22/03/2025,00:49:35,30 sec
36.90006068306381,22/03/2025,00:50:05,30 sec
36.86068579293972,22/03/2025,00:50:35,30 sec
36.400842113993846,22/03/2025,00:51:05,30 sec
37.986930036360924,22/03/2025,00:51:35,30 sec
36.74536148055465,22/03/2025,00:52:05,30 sec
36.26213690715355,22/03/2025,00:52:35,30 sec
36.67282291586975,22/03/2025,00:53:05,30 sec
36.493824063579495,22/03/2025,00:53:35,30 sec
37.94342068737939,22/03/2025,00:54:05,30 sec
36.733614634570806,22/03/2025,00:54:35,30 sec
37.80281759308849,22/03/2025,00:55:05,30 sec
36.81124717809911,22/03/2025,00:55:35,30 sec
37.53607502673784,22/03/2025,00:56:05,30 sec
37.44518467376232,22/03/2025,00:56:35,30 sec
37.34645572285276,22/03/2025,00:57:05,30 sec
36.32599889363877,22/03/2025,00:57:35,30 sec
36.36776940503018,22/03/2025,00:58:05,30 sec
37.2794680148469,22/03/2025,00:58:35,30 sec
37.799726035951224,22/03/2025,00:59:05,30 sec
37.43170138401752,22/03/2025,00:59:35,30 sec
36.13355111090234,22/03/2025,01:00:05,30 sec
37.111174479506445,22/03/2025,01:00:35,30 sec
37.93060990268367,22/03/2025,01:01:05,30 sec
37.70614602789894,22/03/2025,01:01:35,30 sec
36.38193052960924,22/03/2025,01:02:05,30 sec
37.805616907995365,22/03/2025,01:02:35,30 sec
37.19451748851391,22/03/2025,01:03:05,30 sec
36.424105717440895,22/03/2025,01:03:35,30 sec
37.53565723038667,22/03/2025,01:04:05,30 sec
37.96263423032058,22/03/2025,01:04:35,30 sec
37.66474047760278,22/03/2025,01:05:05,30 sec
36.58926909603505,22/03/2025,01:05:35,30 sec
36.370414722134335,22/03/2025,01:06:05,30 sec
36.01243032361554,22/03/2025,01:06:35,30 sec
37.817338431989576,22/03/2025,01:07:05,30 sec
37.03027817493219,22/03/2025,01:07:35,30 sec
36.33088851553978,22/03/2025,01:08:05,30 sec
37.91241232733691,22/03/2025,01:08:35,30 sec
36.98057698700408,22/03/2025,01:09:05,30 sec
37.529681514192035,22/03/2025,01:09:35,30 sec
36.56561687472096,22/03/2025,01:10:05,30 sec
36.399191551834484,22/03/2025,01:10:35,30 sec
36.29224215324592,22/03/2025,01:11:05,30 sec
37.44094150530374,22/03/2025,01:11:35,30 sec
36.62648555984968,22/03/2025,01:12:05,30 sec
36.517487416304284,22/03/2025,01:12:35,30 sec
37.60385572036252,22/03/2025,01:13:05,30 sec
36.79746329434325,22/03/2025,01:13:35,30 sec
36.40568225885175,22/03/2025,01:14:05,30 sec
36.977753535608066,22/03/2025,01:14:35,30 sec
37.929020899773626,22/03/2025,01:15:05,30 sec
36.52894054215516,22/03/2025,01:15:35,30 sec
37.07237746970986,22/03/2025,01:16:05,30 sec
37.786922757744165,22/03/2025,01:16:35,30 sec
37.75383058109351,22/03/2025,01:17:05,30 sec
37.07414182654889,22/03/2025,01:17:35,30 sec
36.52335455056278,22/03/2025,01:18:05,30 sec
37.551746184605335,22/03/2025,01:18:35,30 sec
36.8104729996969,22/03/2025,01:19:05,30 sec
36.41558917333471,22/03/2025,01:19:35,30 sec
36.17626219109622,22/03/2025,01:20:05,30 sec
36.87177939201217,22/03/2025,01:20:35,30 sec
36.760874141290955,22/03/2025,01:21:05,30 sec
37.36040850791618,22/03/2025,01:21:35,30 sec
36.811117152794594,22/03/2025,01:22:05,30 sec
37.319147707506275,22/03/2025,01:22:35,30 sec
36.64541676381771,22/03/2025,01:23:05,30 sec
37.75296000204288,22/03/2025,01:23:35,30 sec
37.605137727598105,22/03/2025,01:24:05,30 sec
36.64479912183833,22/03/2025,01:24:35,30 sec
37.92248260050778,22/03/2025,01:25:05,30 sec
36.22868426180463,22/03/2025,01:25:35,30 sec
36.50794165659455,22/03/2025,01:26:05,30 sec
36.05603311987761,22/03/2025,01:26:35,30 sec
37.45776391800739,22/03/2025,01:27:05,30 sec
36.10492868886444,22/03/2025,01:27:35,30 sec
37.66859542790772,22/03/2025,01:28:05,30 sec
36.67767102457889,22/03/2025,01:28:35,30 sec
36.91799622342654,22/03/2025,01:29:05,30 sec
37.053345955188604,22/03/2025,01:29:35,30 sec
36.7529546080986,22/03/2025,01:30:05,30 sec
37.63931151271853,22/03/2025,01:30:35,30 sec
37.68196553032656,22/03/2025,01:31:05,30 sec
36.309785627116305,22/03/2025,01:31:35,30 sec
37.67918870389188,22/03/2025,01:32:05,30 sec
37.62369327671186,22/03/2025,01:32:35,30 sec
37.602348150020234,22/03/2025,01:33:05,30 sec
36.351426534203085,22/03/2025,01:33:35,30 sec
36.55133625906648,22/03/2025,01:34:05,30 sec
37.16626537295133,22/03/2025,01:34:35,30 sec
37.735142003995314,22/03/2025,01:35:05,30 sec
36.20722770075673,22/03/2025,01:35:35,30 sec
36.38518971335593,22/03/2025,01:36:05,30 sec
36.513642825617566,22/03/2025,01:36:35,30 sec
37.49915418123079,22/03/2025,01:37:05,30 sec
36.866601407325625,22/03/2025,01:37:35,30 sec
37.59776290003184,22/03/2025,01:38:05,30 sec
37.42870424130354,22/03/2025,01:38:35,30 sec
37.63621032411196,22/03/2025,01:39:05,30 sec
37.61254231530726,22/03/2025,01:39:35,30 sec
36.17104568479259,22/03/2025,01:40:05,30 sec
36.97266589817036,22/03/2025,01:40:35,30 sec
37.813455733411146,22/03/2025,01:41:05,30 sec
37.52927319586566,22/03/2025,01:41:35,30 sec
37.90270578328915,22/03/2025,01:42:05,30 sec
36.99954476206007,22/03/2025,01:42:35,30 sec
37.742321097817765,22/03/2025,01:43:05,30 sec
36.92079628711997,22/03/2025,01:43:35,30 sec
37.22084832719645,22/03/2025,01:44:05,30 sec
36.8660012106305,22/03/2025,01:44:35,30 sec
37.2844285794592,22/03/2025,01:45:05,30 sec
36.92556802196415,22/03/2025,01:45:35,30 sec
36.666899024540626,22/03/2025,01:46:05,30 sec
36.68963034890507,22/03/2025,01:46:35,30 sec
36.172917219800446,22/03/2025,01:47:05,30 sec
36.223842124168385,22/03/2025,01:47:35,30 sec
36.34012837476587,22/03/2025,01:48:05,30 sec
36.38134888426359,22/03/2025,01:48:35,30 sec
37.69837006162806,22/03/2025,01:49:05,30 sec
37.408054932234094,22/03/2025,01:49:35,30 sec
37.349288790070126,22/03/2025,01:50:05,30 sec
37.632602566035644,22/03/2025,01:50:35,30 sec
36.99172761180451,22/03/2025,01:51:05,30 sec
36.322954238990924,22/03/2025,01:51:35,30 sec
37.63128786020675,22/03/2025,01:52:05,30 sec
36.05569739311243,22/03/2025,01:52:35,30 sec
37.382277021411895,22/03/2025,01:53:05,30 sec
37.48100194016932,22/03/2025,01:53:35,30 sec
36.37377667980811,22/03/2025,01:54:05,30 sec
36.7556363907846,22/03/2025,01:54:35,30 sec
37.71700752531455,22/03/2025,01:55:05,30 sec
37.51990761206419,22/03/2025,01:55:35,30 sec
36.717982330372806,22/03/2025,01:56:05,30 sec
36.75442063937809,22/03/2025,01:56:35,30 sec
37.49832717619501,22/03/2025,01:57:05,30 sec
36.59298021094618,22/03/2025,01:57:35,30 sec
37.42006930023021,22/03/2025,01:58:05,30 sec
37.89385287254464,22/03/2025,01:58:35,30 sec
37.23033890078318,22/03/2025,01:59:05,30 sec
36.56931095449664,22/03/2025,01:59:35,30 sec
36.713766089695106,22/03/2025,02:00:05,30 sec
36.110458749433484,22/03/2025,02:00:35,30 sec
36.45957605395343,22/03/2025,02:01:05,30 sec
36.96962997605375,22/03/2025,02:01:35,30 sec
37.74394695235456,22/03/2025,02:02:05,30 sec
37.306220415458036,22/03/2025,02:02:35,30 sec
37.654302347075316,22/03/2025,02:03:05,30 sec
36.67500785689543,22/03/2025,02:03:35,30 sec
36.63031240201344,22/03/2025,02:04:05,30 sec
36.431393508734665,22/03/2025,02:04:35,30 sec
36.28718246901591,22/03/2025,02:05:05,30 sec
37.61939944805746,22/03/2025,02:05:35,30 sec
37.47226368210033,22/03/2025,02:06:05,30 sec
36.85075827417015,22/03/2025,02:06:35,30 sec
36.26933413019256,22/03/2025,02:07:05,30 sec
37.91335742195389,22/03/2025,02:07:35,30 sec
37.42052160215172,22/03/2025,02:08:05,30 sec
37.582232639600775,22/03/2025,02:08:35,30 sec
37.22947484388907,22/03/2025,02:09:05,30 sec
36.14507027822811,22/03/2025,02:09:35,30 sec
37.31799130534805,22/03/2025,02:10:05,30 sec
36.576854041453565,22/03/2025,02:10:35,30 sec
36.04007980945511,22/03/2025,02:11:05,30 sec
37.96620722686271,22/03/2025,02:11:35,30 sec
37.351829122356,22/03/2025,02:12:05,30 sec
36.85171394443587,22/03/2025,02:12:35,30 sec
37.463170659798934,22/03/2025,02:13:05,30 sec
36.49388155749833,22/03/2025,02:13:35,30 sec
36.66061987848173,22/03/2025,02:14:05,30 sec
37.7302000290669,21/03/2025,18:03:33,30 sec
37.62892479748923,21/03/2025,18:04:03,30 sec
37.60594368859303,21/03/2025,18:04:33,30 sec
36.87984622768304,21/03/2025,18:05:03,30 sec
36.58691932573639,21/03/2025,18:05:33,30 sec
36.25568934037159,21/03/2025,18:06:03,30 sec
37.3487618085478,21/03/2025,18:06:33,30 sec
37.64870838393919,21/03/2025,18:07:03,30 sec
36.51652120698638,21/03/2025,18:07:33,30 sec
37.209649257828936,21/03/2025,18:08:03,30 sec
37.520073615895534,21/03/2025,18:08:33,30 sec
36.9046110017391,21/03/2025,18:09:03,30 sec
37.73542615112377,21/03/2025,18:09:33,30 sec
37.16677571708075,21/03/2025,18:10:03,30 sec
36.137944540235864,21/03/2025,18:10:33,30 sec
36.01007661883356,21/03/2025,18:11:03,30 sec
37.70831102499528,21/03/2025,18:11:33,30 sec
37.355609828716155,21/03/2025,18:12:03,30 sec
36.48754394726679,21/03/2025,18:12:33,30 sec
37.29627278949358,21/03/2025,18:13:03,30 sec
37.69438772791532,21/03/2025,18:13:33,30 sec
36.764562043831866,21/03/2025,18:14:03,30 sec
36.94875853177131,21/03/2025,18:14:33,30 sec
36.02775869168313,21/03/2025,18:15:03,30 sec
37.17191832025335,21/03/2025,18:15:33,30 sec
36.85020521452683,21/03/2025,18:16:03,30 sec
36.97209245244465,21/03/2025,18:16:33,30 sec
37.55160544869932,21/03/2025,18:17:03,30 sec
36.619055610968864,21/03/2025,18:17:33,30 sec
37.85209102984171,21/03/2025,18:18:03,30 sec
36.43973206963583,21/03/2025,18:18:33,30 sec
37.90927177277243,21/03/2025,18:19:03,30 sec
36.53730029746602,21/03/2025,18:19:33,30 sec
37.68094800524126,21/03/2025,18:20:03,30 sec
37.08810501889504,21/03/2025,18:20:33,30 sec
36.332194194343046,21/03/2025,18:21:03,30 sec
36.57456923088663,21/03/2025,18:21:33,30 sec
36.27094689209281,21/03/2025,18:22:03,30 sec
37.67021809071626,21/03/2025,18:22:33,30 sec
36.247129703134796,21/03/2025,18:23:03,30 sec
37.138072938869485,21/03/2025,18:23:33,30 sec
37.273047863817816,21/03/2025,18:24:03,30 sec
37.10051068522834,21/03/2025,18:24:33,30 sec
37.684866128766366,21/03/2025,18:25:03,30 sec
36.982902894375016,21/03/2025,18:25:33,30 sec
37.01527110092861,21/03/2025,18:26:03,30 sec
37.95191273479454,21/03/2025,18:26:33,30 sec
36.315994562692495,21/03/2025,18:27:03,30 sec
37.92043288542043,21/03/2025,18:27:33,30 sec
37.76706249112354,21/03/2025,18:28:03,30 sec
36.36425210985458,21/03/2025,18:28:33,30 sec
36.730015827916986,21/03/2025,18:29:03,30 sec
36.01134123625694,21/03/2025,18:29:33,30 sec
36.5187513940029,21/03/2025,18:30:03,30 sec
37.675105408410325,21/03/2025,18:30:33,30 sec
36.02913015343729,21/03/2025,18:31:03,30 sec
37.391264386870525,21/03/2025,18:31:33,30 sec
37.72342843221337,21/03/2025,18:32:03,30 sec
37.89864350234799,21/03/2025,18:32:33,30 sec
36.32563965125927,21/03/2025,18:33:03,30 sec
36.22279539833891,21/03/2025,18:33:33,30 sec
36.747397362897104,21/03/2025,18:34:03,30 sec
37.55497282342561,21/03/2025,18:34:33,30 sec
37.311969146656295,21/03/2025,18:35:03,30 sec
36.17574316751933,21/03/2025,18:35:33,30 sec
36.136684033618955,21/03/2025,18:36:03,30 sec
36.29192873789496,21/03/2025,18:36:33,30 sec
36.71488970851047,21/03/2025,18:37:03,30 sec
37.30827284363405,21/03/2025,18:37:33,30 sec
37.23091413602998,21/03/2025,18:38:03,30 sec
36.243229421466275,21/03/2025,18:38:33,30 sec
37.15060794543717,21/03/2025,18:39:03,30 sec
37.25474968773855,21/03/2025,18:39:33,30 sec
37.14219749460732,21/03/2025,18:40:03,30 sec
37.131352233638594,21/03/2025,18:40:33,30 sec
36.664961582865374,21/03/2025,18:41:03,30 sec
37.221812380788556,21/03/2025,18:41:33,30 sec
37.66548780490001,21/03/2025,18:42:03,30 sec
36.75044696049428,21/03/2025,18:42:33,30 sec
37.073039983277454,21/03/2025,18:43:03,30 sec
37.45240473584609,21/03/2025,18:43:33,30 sec
36.29821212835535,21/03/2025,18:44:03,30 sec
36.65405508377664,21/03/2025,18:44:33,30 sec
37.10512708660251,21/03/2025,18:45:03,30 sec
37.53819806717225,21/03/2025,18:45:33,30 sec
36.220793983174666,21/03/2025,18:46:03,30 sec
36.624355063737916,21/03/2025,18:46:33,30 sec
36.32094110770065,21/03/2025,18:47:03,30 sec
36.244039398289154,21/03/2025,18:47:33,30 sec
37.826021761099035,21/03/2025,18:48:03,30 sec
36.81410880870863,21/03/2025,18:48:33,30 sec
36.77172515035677,21/03/2025,18:49:03,30 sec
37.353763729393314,21/03/2025,18:49:33,30 sec
37.184042594323785,21/03/2025,18:50:03,30 sec
37.32943632679757,21/03/2025,18:50:33,30 sec
36.4698191853142,21/03/2025,18:51:03,30 sec
36.45491229801132,21/03/2025,18:51:33,30 sec
36.69108834050006,21/03/2025,18:52:03,30 sec
37.46099931939701,21/03/2025,18:52:33,30 sec
37.86792341835264,21/03/2025,18:53:03,30 sec
36.55060077132006,21/03/2025,18:53:33,30 sec
36.073871633316905,21/03/2025,18:54:03,30 sec
36.773127380823105,21/03/2025,18:54:33,30 sec
37.755340549031956,21/03/2025,18:55:03,30 sec
37.91998607445718,21/03/2025,18:55:33,30 sec
37.90791427895739,21/03/2025,18:56:03,30 sec
37.82487358634859,21/03/2025,18:56:33,30 sec
36.2460625332958,21/03/2025,18:57:03,30 sec
37.744481768329194,21/03/2025,18:57:33,30 sec
36.85690164207623,21/03/2025,18:58:03,30 sec
37.42393922445832,21/03/2025,18:58:33,30 sec
37.86364564741342,21/03/2025,18:59:03,30 sec
37.675076427222905,21/03/2025,18:59:33,30 sec
37.95148254187942,21/03/2025,19:00:03,30 sec
36.00386139086371,21/03/2025,19:00:33,30 sec
37.120396145153336,21/03/2025,19:01:03,30 sec
36.73681250296211,21/03/2025,19:01:33,30 sec
36.39976395712931,21/03/2025,19:02:03,30 sec
36.9668086545822,21/03/2025,19:02:33,30 sec
36.44346626352292,21/03/2025,19:03:03,30 sec
36.749685175265924,21/03/2025,19:03:33,30 sec
37.658076365894516,21/03/2025,19:04:03,30 sec
37.64878505029082,21/03/2025,19:04:33,30 sec
37.818038851037684,21/03/2025,19:05:03,30 sec
37.79092492580756,21/03/2025,19:05:33,30 sec
37.789415258914765,21/03/2025,19:06:03,30 sec
36.94099406383888,21/03/2025,19:06:33,30 sec
37.09785730401081,21/03/2025,19:07:03,30 sec
36.13183075799008,21/03/2025,19:07:33,30 sec
36.49829136369576,21/03/2025,19:08:03,30 sec
37.54056900319545,21/03/2025,19:08:33,30 sec
37.57593469809313,21/03/2025,19:09:03,30 sec
36.55302290703078,21/03/2025,19:09:33,30 sec
36.65455048280732,21/03/2025,19:10:03,30 sec
37.30582739028271,21/03/2025,19:10:33,30 sec
37.113355212895364,21/03/2025,19:11:03,30 sec
36.97518827086934,21/03/2025,19:11:33,30 sec
36.60505263065469,21/03/2025,19:12:03,30 sec
36.25566236969873,21/03/2025,19:12:33,30 sec
36.89165850130369,21/03/2025,19:13:03,30 sec
37.93809449916367,21/03/2025,19:13:33,30 sec
37.120927053449094,21/03/2025,19:14:03,30 sec
37.379635025194176,21/03/2025,19:14:33,30 sec
37.68437548920704,21/03/2025,19:15:03,30 sec
36.618851403944156,21/03/2025,19:15:33,30 sec
37.43944920756834,21/03/2025,19:16:03,30 sec
36.61478644740035,21/03/2025,19:16:33,30 sec
37.43586301045229,21/03/2025,19:17:03,30 sec
36.80110214444245,21/03/2025,19:17:33,30 sec
36.53341266636621,21/03/2025,19:18:03,30 sec
36.0971403137594,21/03/2025,19:18:33,30 sec
37.89066221233978,21/03/2025,19:19:03,30 sec
36.49002913581255,21/03/2025,19:19:33,30 sec
36.47719823155242,21/03/2025,19:20:03,30 sec
37.1103202730421,21/03/2025,19:20:33,30 sec
36.03418380562121,21/03/2025,19:21:03,30 sec
37.713763578732014,21/03/2025,19:21:33,30 sec
36.57756923573103,21/03/2025,19:22:03,30 sec
37.03065996293052,21/03/2025,19:22:33,30 sec
36.18560174134669,21/03/2025,19:23:03,30 sec
36.45998932793277,21/03/2025,19:23:33,30 sec
37.79855179999727,21/03/2025,19:24:03,30 sec
36.007635837798,21/03/2025,19:24:33,30 sec
36.726414791550916,21/03/2025,19:25:03,30 sec
36.66723645974755,21/03/2025,19:25:33,30 sec
36.93358545576647,21/03/2025,19:26:03,30 sec
36.12040673784004,21/03/2025,19:26:33,30 sec
37.65321311949577,21/03/2025,19:27:03,30 sec
36.723561997353734,21/03/2025,19:27:33,30 sec
36.96445850707011,21/03/2025,19:28:03,30 sec
36.31569660788771,21/03/2025,19:28:33,30 sec
37.410766632183126,21/03/2025,19:29:03,30 sec
36.0210184732349,21/03/2025,19:29:33,30 sec
36.09537057975132,21/03/2025,19:30:03,30 sec
36.559211223022416,21/03/2025,19:30:33,30 sec
37.79162769304976,21/03/2025,19:31:03,30 sec
36.77251472561447,21/03/2025,19:31:33,30 sec
37.06179233495387,21/03/2025,19:32:03,30 sec
36.32223068507954,21/03/2025,19:32:33,30 sec
36.081021010606534,21/03/2025,19:33:03,30 sec
36.5183758405121,21/03/2025,19:33:33,30 sec
36.48762155119909,21/03/2025,19:34:03,30 sec
37.77697513412398,21/03/2025,19:34:33,30 sec
36.080870609696156,21/03/2025,19:35:03,30 sec
37.5331124305858,21/03/2025,19:35:33,30 sec
37.30046152985817,21/03/2025,19:36:03,30 sec
36.88879212466926,21/03/2025,19:36:33,30 sec
36.16439214676018,21/03/2025,19:37:03,30 sec
36.68861280059735,21/03/2025,19:37:33,30 sec
37.51367682132581,21/03/2025,19:38:03,30 sec
37.97016843481412,21/03/2025,19:38:33,30 sec
37.09275654167866,21/03/2025,19:39:03,30 sec
37.23817439112921,21/03/2025,19:39:33,30 sec
36.04520980226598,21/03/2025,19:40:03,30 sec
37.20102208822778,21/03/2025,19:40:33,30 sec
36.96790993332774,21/03/2025,19:41:03,30 sec
36.45649420056445,21/03/2025,19:41:33,30 sec
36.66696801880393,21/03/2025,19:42:03,30 sec
36.12168278928197,21/03/2025,19:42:33,30 sec
37.400712224550496,21/03/2025,19:43:03,30 sec
36.103940766247256,21/03/2025,19:43:33,30 sec
36.664922526155244,21/03/2025,19:44:03,30 sec
37.16942297617485,21/03/2025,19:44:33,30 sec
37.74113500459079,21/03/2025,19:45:03,30 sec
36.27913399086832,21/03/2025,19:45:33,30 sec
37.33888362548173,21/03/2025,19:46:03,30 sec
37.95635427558392,21/03/2025,19:46:33,30 sec
37.04733796288557,21/03/2025,19:47:03,30 sec
37.38206118567611,21/03/2025,19:47:33,30 sec
37.08225017235062,21/03/2025,19:48:03,30 sec
37.175957500593874,21/03/2025,19:48:33,30 sec
36.363020024168414,21/03/2025,19:49:03,30 sec
37.6306621616129,21/03/2025,19:49:33,30 sec
36.455855451536245,21/03/2025,19:50:03,30 sec
36.77746727927871,21/03/2025,19:50:33,30 sec
36.827521304815576,21/03/2025,19:51:03,30 sec
36.857017936716574,21/03/2025,19:51:33,30 sec
36.406361576238915,21/03/2025,19:52:03,30 sec
36.36178570923464,21/03/2025,19:52:33,30 sec
36.160728474986655,21/03/2025,19:53:03,30 sec
37.15498224595191,21/03/2025,19:53:33,30 sec
37.57848192962871,21/03/2025,19:54:03,30 sec
36.629552477714036,21/03/2025,19:54:33,30 sec
37.144914723804646,21/03/2025,19:55:03,30 sec
37.35929624974852,21/03/2025,19:55:33,30 sec
36.53163988595103,21/03/2025,19:56:03,30 sec
37.15145196582242,21/03/2025,19:56:33,30 sec
36.86822453705074,21/03/2025,19:57:03,30 sec
37.30693238853078,21/03/2025,19:57:33,30 sec
37.5954996026757,21/03/2025,19:58:03,30 sec
37.73279108772134,21/03/2025,19:58:33,30 sec
36.69959010719831,21/03/2025,19:59:03,30 sec
37.364613953905135,21/03/2025,19:59:33,30 sec
37.08513303128472,21/03/2025,20:00:03,30 sec
36.20883473370754,21/03/2025,20:00:33,30 sec
36.23244550027624,21/03/2025,20:01:03,30 sec
36.80216206045659,21/03/2025,20:01:33,30 sec
37.645415856229775,21/03/2025,20:02:03,30 sec
36.634338361588405,21/03/2025,20:02:33,30 sec
37.76468247110368,21/03/2025,20:03:03,30 sec
37.24952355669504,21/03/2025,20:03:33,30 sec
36.605571902197674,21/03/2025,20:04:03,30 sec
36.520171629909896,21/03/2025,20:04:33,30 sec
37.27486965720215,21/03/2025,20:05:03,30 sec
36.696037254791676,21/03/2025,20:05:33,30 sec
37.39861553668117,21/03/2025,20:06:03,30 sec
36.02187819114216,21/03/2025,20:06:33,30 sec
37.30983550742238,21/03/2025,20:07:03,30 sec
37.27369858691502,21/03/2025,20:07:33,30 sec
37.33676806224407,21/03/2025,20:08:03,30 sec
37.799472045249466,21/03/2025,20:08:33,30 sec
36.71629274706873,21/03/2025,20:09:03,30 sec
36.41188628876129,21/03/2025,20:09:33,30 sec
36.332753209873495,21/03/2025,20:10:03,30 sec
37.64472193892165,21/03/2025,20:10:33,30 sec
37.729261427296784,21/03/2025,20:11:03,30 sec
37.85921715033309,21/03/2025,20:11:33,30 sec
37.518204230487626,21/03/2025,20:12:03,30 sec
36.911630080739414,21/03/2025,20:12:33,30 sec
36.57262421225175,21/03/2025,20:13:03,30 sec
36.538899150978935,21/03/2025,20:13:33,30 sec
36.13424446130427,21/03/2025,20:14:03,30 sec
36.28776352018642,21/03/2025,20:14:33,30 sec
37.43222730445975,21/03/2025,20:15:03,30 sec
37.23715493981628,21/03/2025,20:15:33,30 sec
37.5556293125608,21/03/2025,20:16:03,30 sec
36.508549991624754,21/03/2025,20:16:33,30 sec
37.429516949483734,21/03/2025,20:17:03,30 sec
37.71999247517636,21/03/2025,20:17:33,30 sec
36.85866818621814,21/03/2025,20:18:03,30 sec
37.243603482211235,21/03/2025,20:18:33,30 sec
36.05378105330041,21/03/2025,20:19:03,30 sec
36.03180060467914,21/03/2025,20:19:33,30 sec
36.95447099088567,21/03/2025,20:20:03,30 sec
36.57359705315578,21/03/2025,20:20:33,30 sec
36.40364239799892,21/03/2025,20:21:03,30 sec
37.44995309364303,21/03/2025,20:21:33,30 sec
37.9828926300139,21/03/2025,20:22:03,30 sec
36.22815468575761,21/03/2025,20:22:33,30 sec
37.54352884280516,21/03/2025,20:23:03,30 sec
36.85280522918912,21/03/2025,20:23:33,30 sec
37.39887814646465,21/03/2025,20:24:03,30 sec
36.06968599477595,21/03/2025,20:24:33,30 sec
37.298423589050344,21/03/2025,20:25:03,30 sec
37.10417208794922,21/03/2025,20:25:33,30 sec
37.98173708256951,21/03/2025,20:26:03,30 sec
37.18504160501626,21/03/2025,20:26:33,30 sec
36.89027694707581,21/03/2025,20:27:03,30 sec
37.46557937634785,21/03/2025,20:27:33,30 sec
37.85920577952968,21/03/2025,20:28:03,30 sec
36.38631951448197,21/03/2025,20:28:33,30 sec
36.962038878104096,21/03/2025,20:29:03,30 sec
36.0182823050588,21/03/2025,20:29:33,30 sec
36.561983134295716,21/03/2025,20:30:03,30 sec
37.9241063426492,21/03/2025,20:30:33,30 sec
36.740350325322346,21/03/2025,20:31:03,30 sec
36.61024922336692,21/03/2025,20:31:33,30 sec
36.11075459714995,21/03/2025,20:32:03,30 sec
36.780889899204205,21/03/2025,20:32:33,30 sec
36.355508462618474,21/03/2025,20:33:03,30 sec
37.939011837550964,21/03/2025,20:33:33,30 sec
36.186545952109896,21/03/2025,20:34:03,30 sec
36.03933365934774,21/03/2025,20:34:33,30 sec
36.66740035088703,21/03/2025,20:35:03,30 sec
36.03948523005616,21/03/2025,20:35:33,30 sec
37.54657803939502,21/03/2025,20:36:03,30 sec
36.509555383796865,21/03/2025,20:36:33,30 sec
37.338676481219174,21/03/2025,20:37:03,30 sec
37.66656558669101,21/03/2025,20:37:33,30 sec
36.021620153692815,21/03/2025,20:38:03,30 sec
36.051506996947836,21/03/2025,20:38:33,30 sec
36.351514473935545,21/03/2025,20:39:03,30 sec
36.845515030455736,21/03/2025,20:39:33,30 sec
36.667169463496336,21/03/2025,20:40:03,30 sec
36.843004289387004,21/03/2025,20:40:33,30 sec
36.681901318718516,21/03/2025,20:41:03,30 sec
36.20884780940065,21/03/2025,20:41:33,30 sec
37.9396110809468,21/03/2025,20:42:03,30 sec
37.22090909092037,21/03/2025,20:42:33,30 sec
36.42544004365695,21/03/2025,20:43:03,30 sec
36.646633526993995,21/03/2025,20:43:33,30 sec
37.12984128902837,21/03/2025,20:44:03,30 sec
36.662419780666035,21/03/2025,20:44:33,30 sec
37.31126609322623,21/03/2025,20:45:03,30 sec
37.26783781257143,21/03/2025,20:45:33,30 sec
36.71066538046564,21/03/2025,20:46:03,30 sec
37.9753783913183,21/03/2025,20:46:33,30 sec
37.24573482128819,21/03/2025,20:47:03,30 sec
36.70352254805477,21/03/2025,20:47:33,30 sec
36.74060931529092,21/03/2025,20:48:03,30 sec
37.83095659904151,21/03/2025,20:48:33,30 sec
37.295122352131045,21/03/2025,20:49:03,30 sec
36.3784318000799,21/03/2025,20:49:33,30 sec
37.01561200485919,21/03/2025,20:50:03,30 sec
37.39903487309725,21/03/2025,20:50:33,30 sec
36.346656931345805,21/03/2025,20:51:03,30 sec
36.53569267570694,21/03/2025,20:51:33,30 sec
36.27139426723347,21/03/2025,20:52:03,30 sec
37.03604366921519,21/03/2025,20:52:33,30 sec
37.57977935553204,21/03/2025,20:53:03,30 sec
36.52006263361675,21/03/2025,20:53:33,30 sec
36.413127438434856,21/03/2025,20:54:03,30 sec
36.72698709564139,21/03/2025,20:54:33,30 sec
37.834606350246766,21/03/2025,20:55:03,30 sec
36.10835935116024,21/03/2025,20:55:33,30 sec
37.48535349798094,21/03/2025,20:56:03,30 sec
37.29782404041359,21/03/2025,20:56:33,30 sec
37.98215100532343,21/03/2025,20:57:03,30 sec
36.521410587194445,21/03/2025,20:57:33,30 sec
37.89393672301477,21/03/2025,20:58:03,30 sec
36.29133342185889,21/03/2025,20:58:33,30 sec
37.4809309032185,21/03/2025,20:59:03,30 sec
36.160066445845445,21/03/2025,20:59:33,30 sec
36.25315450197059,21/03/2025,21:00:03,30 sec
36.839045061458926,21/03/2025,21:00:33,30 sec
37.44717382669187,21/03/2025,21:01:03,30 sec
37.07851764620692,21/03/2025,21:01:33,30 sec
36.154863327431876,21/03/2025,21:02:03,30 sec
37.86376915237073,21/03/2025,21:02:33,30 sec
37.77090876437197,21/03/2025,21:03:03,30 sec
37.74136903315385,21/03/2025,21:03:33,30 sec
37.14300413533476,21/03/2025,21:04:03,30 sec
37.511711308889154,21/03/2025,21:04:33,30 sec
37.07780735987553,21/03/2025,21:05:03,30 sec
37.706617194109675,21/03/2025,21:05:33,30 sec
36.22553980901262,21/03/2025,21:06:03,30 sec
36.84011339412788,21/03/2025,21:06:33,30 sec
37.66672038613435,21/03/2025,21:07:03,30 sec
36.53488847422836,21/03/2025,21:07:33,30 sec
36.36724431837072,21/03/2025,21:08:03,30 sec
37.47581273518153,21/03/2025,21:08:33,30 sec
36.945430532856555,21/03/2025,21:09:03,30 sec
36.445992337948375,21/03/2025,21:09:33,30 sec
37.58059268311843,21/03/2025,21:10:03,30 sec
37.212066599416914,21/03/2025,21:10:33,30 sec
36.34222216583959,21/03/2025,21:11:03,30 sec
36.02705207438177,21/03/2025,21:11:33,30 sec
36.468328370052014,21/03/2025,21:12:03,30 sec
37.32544036257306,21/03/2025,21:12:33,30 sec
36.18844583477235,21/03/2025,21:13:03,30 sec
36.642174939321606,21/03/2025,21:13:33,30 sec
37.370112718896905,21/03/2025,21:14:03,30 sec
36.77151263929235,21/03/2025,21:14:33,30 sec
36.64733425413264,21/03/2025,21:15:03,30 sec
36.10182948476142,21/03/2025,21:15:33,30 sec
36.62698933056801,21/03/2025,21:16:03,30 sec
37.35760239186377,21/03/2025,21:16:33,30 sec
36.40690401135109,21/03/2025,21:17:03,30 sec
37.62079808046532,21/03/2025,21:17:33,30 sec
36.90122450944855,21/03/2025,21:18:03,30 sec
36.49267695834363,21/03/2025,21:18:33,30 sec
36.55985536432873,21/03/2025,21:19:03,30 sec
36.126779253225145,21/03/2025,21:19:33,30 sec
36.975413155247146,21/03/2025,21:20:03,30 sec
36.17905282817869,21/03/2025,21:20:33,30 sec
36.860961713104345,21/03/2025,21:21:03,30 sec
36.57741404694589,21/03/2025,21:21:33,30 sec
36.00356672827502,21/03/2025,21:22:03,30 sec
36.53745382546871,21/03/2025,21:22:33,30 sec
37.38251646584287,21/03/2025,21:23:03,30 sec
36.10171679007697,21/03/2025,21:23:33,30 sec
37.798229521658655,21/03/2025,21:24:03,30 sec
37.34644529935936,21/03/2025,21:24:33,30 sec
36.480984951692896,21/03/2025,21:25:03,30 sec
37.50259107818973,21/03/2025,21:25:33,30 sec
36.411496219860176,21/03/2025,21:26:03,30 sec
37.829215017323634,21/03/2025,21:26:33,30 sec
37.94308656355744,21/03/2025,21:27:03,30 sec
37.940317525156416,21/03/2025,21:27:33,30 sec
37.004132403091454,21/03/2025,21:28:03,30 sec
37.235124928920044,21/03/2025,21:28:33,30 sec
36.19710994583233,21/03/2025,21:29:03,30 sec
37.46260053520287,21/03/2025,21:29:33,30 sec
37.795828245220726,21/03/2025,21:30:03,30 sec
36.640412367974946,21/03/2025,21:30:33,30 sec
36.55534269956301,21/03/2025,21:31:03,30 sec
37.45496659643567,21/03/2025,21:31:33,30 sec
37.75094283728037,21/03/2025,21:32:03,30 sec
37.83186964283838,21/03/2025,21:32:33,30 sec
37.596075270136886,21/03/2025,21:33:03,30 sec
37.05600763240031,21/03/2025,21:33:33,30 sec
36.5779252703185,21/03/2025,21:34:03,30 sec
36.139287013162594,21/03/2025,21:34:33,30 sec
36.99871649997171,21/03/2025,21:35:03,30 sec
36.11516844428723,21/03/2025,21:35:33,30 sec
36.60692692274717,21/03/2025,21:36:03,30 sec
36.64689509831904,21/03/2025,21:36:33,30 sec
36.41313636672758,21/03/2025,21:37:03,30 sec
36.366477844834506,21/03/2025,21:37:33,30 sec
36.158946901293376,21/03/2025,21:38:03,30 sec
37.340997211357084,21/03/2025,21:38:33,30 sec
37.274430192999624,21/03/2025,21:39:03,30 sec
36.14982841153543,21/03/2025,21:39:33,30 sec
37.13118103949269,21/03/2025,21:40:03,30 sec
36.4404340624571,21/03/2025,21:40:33,30 sec
37.866875841264786,21/03/2025,21:41:03,30 sec
36.23211170560912,21/03/2025,21:41:33,30 sec
37.69707348851905,21/03/2025,21:42:03,30 sec
36.40847776373383,21/03/2025,21:42:33,30 sec
36.39593428690745,21/03/2025,21:43:03,30 sec
37.0637188740882,21/03/2025,21:43:33,30 sec
36.25589677506459,21/03/2025,21:44:03,30 sec
37.95920378818984,21/03/2025,21:44:33,30 sec
37.34472175062062,21/03/2025,21:45:03,30 sec
37.15162059650576,21/03/2025,21:45:33,30 sec
37.065515839528146,21/03/2025,21:46:03,30 sec
37.74834367520752,21/03/2025,21:46:33,30 sec
36.97145952107118,21/03/2025,21:47:03,30 sec
36.13844240459398,21/03/2025,21:47:33,30 sec
37.35331846170805,21/03/2025,21:48:03,30 sec
37.37807380988786,21/03/2025,21:48:33,30 sec
36.44698636507817,21/03/2025,21:49:03,30 sec
36.64765539724359,21/03/2025,21:49:33,30 sec
36.12412354790765,21/03/2025,21:50:03,30 sec
36.84714963323686,21/03/2025,21:50:33,30 sec
37.83649556189424,21/03/2025,21:51:03,30 sec
37.98820459822814,21/03/2025,21:51:33,30 sec
36.370205731117835,21/03/2025,21:52:03,30 sec
36.64224590293374,21/03/2025,21:52:33,30 sec
36.897237984802004,21/03/2025,21:53:03,30 sec
36.40760144576579,21/03/2025,21:53:33,30 sec
36.93740460172847,21/03/2025,21:54:03,30 sec
37.293319153536665,21/03/2025,21:54:33,30 sec
37.494009071734,21/03/2025,21:55:03,30 sec
36.74070886933872,21/03/2025,21:55:33,30 sec
37.91261293451681,21/03/2025,21:56:03,30 sec
37.40525968762167,21/03/2025,21:56:33,30 sec
37.32681812955422,21/03/2025,21:57:03,30 sec
37.022151540862275,21/03/2025,21:57:33,30 sec
36.07176825706956,21/03/2025,21:58:03,30 sec
36.93005453727376,21/03/2025,21:58:33,30 sec
37.620213279827404,21/03/2025,21:59:03,30 sec
36.91348601196883,21/03/2025,21:59:33,30 sec
36.66379898196871,21/03/2025,22:00:03,30 sec
37.75813572603425,21/03/2025,22:00:33,30 sec
36.44131696452247,21/03/2025,22:01:03,30 sec
36.64196982857496,21/03/2025,22:01:33,30 sec
36.60480465976427,21/03/2025,22:02:03,30 sec
36.584541175959586,21/03/2025,22:02:33,30 sec
36.39370211552233,21/03/2025,22:03:03,30 sec
37.555970430653836,21/03/2025,22:03:33,30 sec
36.01807922513279,21/03/2025,22:04:03,30 sec
37.44496895147994,21/03/2025,22:04:33,30 sec
36.57681905771684,21/03/2025,22:05:03,30 sec
36.37275903385204,21/03/2025,22:05:33,30 sec
37.9794122025516,21/03/2025,22:06:03,30 sec
37.31875822778418,21/03/2025,22:06:33,30 sec
37.905760809281816,21/03/2025,22:07:03,30 sec
36.727636594470106,21/03/2025,22:07:33,30 sec
36.31343253503674,21/03/2025,22:08:03,30 sec
37.760284502665115,21/03/2025,22:08:33,30 sec
36.15373207848227,21/03/2025,22:09:03,30 sec
37.72904353617073,21/03/2025,22:09:33,30 sec
36.33558718854458,21/03/2025,22:10:03,30 sec
36.64720799461051,21/03/2025,22:10:33,30 sec
36.40966606647156,21/03/2025,22:11:03,30 sec
37.88250668196032,21/03/2025,22:11:33,30 sec
37.54567530338384,21/03/2025,22:12:03,30 sec
36.82346917471278,21/03/2025,22:12:33,30 sec
36.03601129254267,21/03/2025,22:13:03,30 sec
37.966980586682226,21/03/2025,22:13:33,30 sec
36.45268584942562,21/03/2025,22:14:03,30 sec
36.666877140961034,21/03/2025,22:14:33,30 sec
36.66678779390336,21/03/2025,22:15:03,30 sec
36.23034372987123,21/03/2025,22:15:33,30 sec
37.94701580209256,21/03/2025,22:16:03,30 sec
37.42559024627768,21/03/2025,22:16:33,30 sec
37.3035917925711,21/03/2025,22:17:03,30 sec
37.61651268713891,21/03/2025,22:17:33,30 sec
36.93497357240286,21/03/2025,22:18:03,30 sec
37.5447415030699,21/03/2025,22:18:33,30 sec
36.147304843395155,21/03/2025,22:19:03,30 sec
37.644841178823064,21/03/2025,22:19:33,30 sec
36.31180064448583,21/03/2025,22:20:03,30 sec
37.14391443293418,21/03/2025,22:20:33,30 sec
36.44584139420793,21/03/2025,22:21:03,30 sec
37.03317293641935,21/03/2025,22:21:33,30 sec
36.77327217409897,21/03/2025,22:22:03,30 sec
36.30812758462945,21/03/2025,22:22:33,30 sec
37.34334825733749,21/03/2025,22:23:03,30 sec
37.189122219875685,21/03/2025,22:23:33,30 sec
36.45226620168304,21/03/2025,22:24:03,30 sec
36.91944011189408,21/03/2025,22:24:33,30 sec
36.483846300434315,21/03/2025,22:25:03,30 sec
37.289856409614494,21/03/2025,22:25:33,30 sec
37.91551833197068,21/03/2025,22:26:03,30 sec
37.38324294924029,21/03/2025,22:26:33,30 sec
36.95238291590517,21/03/2025,22:27:03,30 sec
36.82886128052335,21/03/2025,22:27:33,30 sec
36.66710741796626,21/03/2025,22:28:03,30 sec
36.792753914202244,21/03/2025,22:28:33,30 sec
37.02934271754237,21/03/2025,22:29:03,30 sec
37.22886968841504,21/03/2025,22:29:33,30 sec
36.979045933680126,21/03/2025,22:30:03,30 sec
37.8271877866297,21/03/2025,22:30:33,30 sec
37.18864147323541,21/03/2025,22:31:03,30 sec
36.40333996629834,21/03/2025,22:31:33,30 sec
37.60567650614503,21/03/2025,22:32:03,30 sec
37.99352564903097,21/03/2025,22:32:33,30 sec
36.788106063673595,21/03/2025,22:33:03,30 sec
36.99457153325761,21/03/2025,22:33:33,30 sec
37.737404397033934,21/03/2025,22:34:03,30 sec
36.69876095043252,21/03/2025,22:34:33,30 sec
36.980422480588814,21/03/2025,22:35:03,30 sec
36.4247501094398,21/03/2025,22:35:33,30 sec
36.41062398159219,21/03/2025,22:36:03,30 sec
37.07895311815696,21/03/2025,22:36:33,30 sec
36.51561078925415,21/03/2025,22:37:03,30 sec
36.86691644344057,21/03/2025,22:37:33,30 sec
36.51452537818443,21/03/2025,22:38:03,30 sec
36.5133719250354,21/03/2025,22:38:33,30 sec
37.311065019192725,21/03/2025,22:39:03,30 sec
37.776056494127594,21/03/2025,22:39:33,30 sec
37.521794650085575,21/03/2025,22:40:03,30 sec
36.3164698464687,21/03/2025,22:40:33,30 sec
36.932773389071464,21/03/2025,22:41:03,30 sec
36.716214348987,21/03/2025,22:41:33,30 sec
37.1190511277029,21/03/2025,22:42:03,30 sec
37.2273720937843,21/03/2025,22:42:33,30 sec
37.46141297757966,21/03/2025,22:43:03,30 sec
37.87773129879017,21/03/2025,22:43:33,30 sec
37.024190874017634,21/03/2025,22:44:03,30 sec
37.00602765911701,21/03/2025,22:44:33,30 sec
36.60959068654796,21/03/2025,22:45:03,30 sec
37.89941858279694,21/03/2025,22:45:33,30 sec
36.451636092655484,21/03/2025,22:46:03,30 sec
37.69711716838741,21/03/2025,22:46:33,30 sec
37.411580625568035,21/03/2025,22:47:03,30 sec
37.39367373395691,21/03/2025,22:47:33,30 sec
37.92281592582288,21/03/2025,22:48:03,30 sec
36.9372673546742,21/03/2025,22:48:33,30 sec
37.32448622327584,21/03/2025,22:49:03,30 sec
37.918254497697845,21/03/2025,22:49:33,30 sec
36.418034741169514,21/03/2025,22:50:03,30 sec
36.0580739282962,21/03/2025,22:50:33,30 sec
36.15983299222695,21/03/2025,22:51:03,30 sec
36.04662603699547,21/03/2025,22:51:33,30 sec
36.22720944026082,21/03/2025,22:52:03,30 sec
37.676889270804004,21/03/2025,22:52:33,30 sec
36.90717720689784,21/03/2025,22:53:03,30 sec
36.65950166669708,21/03/2025,22:53:33,30 sec
36.280788056987056,21/03/2025,22:54:03,30 sec
36.969282936181514,21/03/2025,22:54:33,30 sec
36.2163923572456,21/03/2025,22:55:03,30 sec
36.61339958532665,21/03/2025,22:55:33,30 sec
36.228487938317045,21/03/2025,22:56:03,30 sec
37.881536827894934,21/03/2025,22:56:33,30 sec
36.07287441826435,21/03/2025,22:57:03,30 sec
37.537741598911566,21/03/2025,22:57:33,30 sec
36.082321158952944,21/03/2025,22:58:03,30 sec
36.16849063160703,21/03/2025,22:58:33,30 sec
37.0299847057757,21/03/2025,22:59:03,30 sec
36.67022272159099,21/03/2025,22:59:33,30 sec
37.85170271748228,21/03/2025,23:00:03,30 sec
37.33150477265353,21/03/2025,23:00:33,30 sec
36.25562748624801,21/03/2025,23:01:03,30 sec
37.360884013786546,21/03/2025,23:01:33,30 sec
36.27226456743971,21/03/2025,23:02:03,30 sec
37.28326263293004,21/03/2025,23:02:33,30 sec
36.60493726245244,21/03/2025,23:03:03,30 sec
36.158523471214416,21/03/2025,23:03:33,30 sec
37.46632761923593,21/03/2025,23:04:03,30 sec
36.880585877662334,21/03/2025,23:04:33,30 sec
37.948628631501144,21/03/2025,23:05:03,30 sec
37.23878397860772,21/03/2025,23:05:33,30 sec
37.17181143854632,21/03/2025,23:06:03,30 sec
36.34339097897951,21/03/2025,23:06:33,30 sec
37.066640880156534,21/03/2025,23:07:03,30 sec
37.34145908857363,21/03/2025,23:07:33,30 sec
36.03768913240681,21/03/2025,23:08:03,30 sec
36.01736696953283,21/03/2025,23:08:33,30 sec
37.559286140147464,21/03/2025,23:09:03,30 sec
37.35526201314549,21/03/2025,23:09:33,30 sec
36.407923899020794,21/03/2025,23:10:03,30 sec
37.9399080495121,21/03/2025,23:10:33,30 sec
36.43318868234497,21/03/2025,23:11:03,30 sec
36.221505090668174,21/03/2025,23:11:33,30 sec
37.002151328336375,21/03/2025,23:12:03,30 sec
36.23328844398963,21/03/2025,23:12:33,30 sec
37.28688169687352,21/03/2025,23:13:03,30 sec
36.923840494615675,21/03/2025,23:13:33,30 sec
36.950199744761036,21/03/2025,23:14:03,30 sec
37.47601901682775,21/03/2025,23:14:33,30 sec
37.35100445139096,21/03/2025,23:15:03,30 sec
36.98941683208679,21/03/2025,23:15:33,30 sec
36.74886845904622,21/03/2025,23:16:03,30 sec
36.89277848324283,21/03/2025,23:16:33,30 sec
37.03062267449876,21/03/2025,23:17:03,30 sec
37.14750794525475,21/03/2025,23:17:33,30 sec
36.88321357461724,21/03/2025,23:18:03,30 sec
36.45526614869072,21/03/2025,23:18:33,30 sec
36.0522720574525,21/03/2025,23:19:03,30 sec
37.57487501357634,21/03/2025,23:19:33,30 sec
37.09091692457357,21/03/2025,23:20:03,30 sec
36.800774956793006,21/03/2025,23:20:33,30 sec
37.83590254091402,21/03/2025,23:21:03,30 sec
37.50282440158373,21/03/2025,23:21:33,30 sec
36.54714354784431,21/03/2025,23:22:03,30 sec
36.252236949048104,21/03/2025,23:22:33,30 sec
37.29198023987394,21/03/2025,23:23:03,30 sec
36.86912878894858,21/03/2025,23:23:33,30 sec
37.60862029004273,21/03/2025,23:24:03,30 sec
37.16294790485709,21/03/2025,23:24:33,30 sec
36.88658183647302,21/03/2025,23:25:03,30 sec
36.1686800884084,21/03/2025,23:25:33,30 sec
37.17949695775916,21/03/2025,23:26:03,30 sec
36.31112848811639,21/03/2025,23:26:33,30 sec
37.52239294785535,21/03/2025,23:27:03,30 sec
36.689948115952696,21/03/2025,23:27:33,30 sec
36.24787859670024,21/03/2025,23:28:03,30 sec
36.13393443817009,21/03/2025,23:28:33,30 sec
36.55110227177913,21/03/2025,23:29:03,30 sec
37.9200197770663,21/03/2025,23:29:33,30 sec
37.69074686793387,21/03/2025,23:30:03,30 sec
37.217480936507975,21/03/2025,23:30:33,30 sec
37.06275977591126,21/03/2025,23:31:03,30 sec
36.059198494308305,21/03/2025,23:31:33,30 sec
37.05631527495266,21/03/2025,23:32:03,30 sec
37.64889864042656,21/03/2025,23:32:33,30 sec
36.49024602642285,21/03/2025,23:33:03,30 sec
37.30684563211353,21/03/2025,23:33:33,30 sec
36.70669242233403,21/03/2025,23:34:03,30 sec
37.58839272947419,21/03/2025,23:34:33,30 sec
36.522077848243086,21/03/2025,23:35:03,30 sec
37.86334966202103,21/03/2025,23:35:33,30 sec
36.44005417023346,21/03/2025,23:36:03,30 sec
37.733729722727205,21/03/2025,23:36:33,30 sec
36.334353349955336,21/03/2025,23:37:03,30 sec
37.438810672641836,21/03/2025,23:37:33,30 sec
37.51035535885566,21/03/2025,23:38:03,30 sec
36.226529019931064,21/03/2025,23:38:33,30 sec
37.2327179143087,21/03/2025,23:39:03,30 sec
36.46723230214621,21/03/2025,23:39:33,30 sec
37.82393842511591,21/03/2025,23:40:03,30 sec
37.98918983910254,21/03/2025,23:40:33,30 sec
36.93781047114757,21/03/2025,23:41:03,30 sec
37.19571578652966,21/03/2025,23:41:33,30 sec
36.016224994943116,21/03/2025,23:42:03,30 sec
37.48323735136152,21/03/2025,23:42:33,30 sec
37.952727455125974,21/03/2025,23:43:03,30 sec
37.35135339234957,21/03/2025,23:43:33,30 sec
37.09800490569037,21/03/2025,23:44:03,30 sec
36.44432482738031,21/03/2025,23:44:33,30 sec
36.71862066350076,21/03/2025,23:45:03,30 sec
36.1842224387187,21/03/2025,23:45:33,30 sec
36.40966449786333,21/03/2025,23:46:03,30 sec
36.27608168771974,21/03/2025,23:46:33,30 sec
36.59462259401838,21/03/2025,23:47:03,30 sec
36.343084174924776,21/03/2025,23:47:33,30 sec
37.73302527487272,21/03/2025,23:48:03,30 sec
36.474450282846476,21/03/2025,23:48:33,30 sec
36.0908707859819,21/03/2025,23:49:03,30 sec
37.2610936988953,21/03/2025,23:49:33,30 sec
37.58429057420864,21/03/2025,23:50:03,30 sec
37.70610820989074,21/03/2025,23:50:33,30 sec
36.238482341496294,21/03/2025,23:51:03,30 sec
36.51203255680834,21/03/2025,23:51:33,30 sec
36.94792768378458,21/03/2025,23:52:03,30 sec
36.979024872960565,21/03/2025,23:52:33,30 sec
37.49790565521188,21/03/2025,23:53:03,30 sec
36.943276012790335,21/03/2025,23:53:33,30 sec
36.0101397041277,21/03/2025,23:54:03,30 sec
36.720154954603956,21/03/2025,23:54:33,30 sec
37.187156595453075,21/03/2025,23:55:03,30 sec
37.2999125314438,21/03/2025,23:55:33,30 sec
36.81191037758706,21/03/2025,23:56:03,30 sec
37.51472444796485,21/03/2025,23:56:33,30 sec
37.05402314922533,21/03/2025,23:57:03,30 sec
36.52513450638951,21/03/2025,23:57:33,30 sec
37.16543256311852,21/03/2025,23:58:03,30 sec
37.763517915592345,21/03/2025,23:58:33,30 sec
37.32140123265455,21/03/2025,23:59:03,30 sec
36.95522328140189,21/03/2025,23:59:33,30 sec
36.664060069321614,22/03/2025,00:00:03,30 sec
36.57902842351433,22/03/2025,00:00:33,30 sec
36.30250232452358,22/03/2025,00:01:03,30 sec
37.22315405355285,22/03/2025,00:01:33,30 sec
36.16474959297032,22/03/2025,00:02:03,30 sec
36.86828596601802,22/03/2025,00:02:33,30 sec
37.512752174636866,22/03/2025,00:03:03,30 sec
37.8430501810795,22/03/2025,00:03:33,30 sec
37.733288330191854,22/03/2025,00:04:03,30 sec
37.73963137921934,22/03/2025,00:04:33,30 sec
37.09777677598801,22/03/2025,00:05:03,30 sec
37.16841837479455,22/03/2025,00:05:33,30 sec
36.716430899507806,22/03/2025,00:06:03,30 sec
37.12265762428709,22/03/2025,00:06:33,30 sec
37.35195157027625,22/03/2025,00:07:03,30 sec
36.70030049249473,22/03/2025,00:07:33,30 sec
37.341397195811,22/03/2025,00:08:03,30 sec
36.80499264562895,22/03/2025,00:08:33,30 sec
37.11956637074111,22/03/2025,00:09:03,30 sec
36.56718027689046,22/03/2025,00:09:33,30 sec
36.04201109924239,22/03/2025,00:10:03,30 sec
36.96655108350165,22/03/2025,00:10:33,30 sec
36.95073790363997,22/03/2025,00:11:03,30 sec
36.406686197018125,22/03/2025,00:11:33,30 sec
36.572087430564,22/03/2025,00:12:03,30 sec
37.731335646355106,22/03/2025,00:12:33,30 sec
36.02677915338892,22/03/2025,00:13:03,30 sec
37.849835315965635,22/03/2025,00:13:33,30 sec
37.89050391681034,22/03/2025,00:14:03,30 sec
37.258821435642396,22/03/2025,00:14:33,30 sec
37.074813035271404,22/03/2025,00:15:03,30 sec
36.34176617491215,22/03/2025,00:15:33,30 sec
37.788721826800554,22/03/2025,00:16:03,30 sec
37.461410498022616,22/03/2025,00:16:33,30 sec
36.75899644942405,22/03/2025,00:17:03,30 sec
36.128610816537304,22/03/2025,00:17:33,30 sec
36.280347378819926,22/03/2025,00:18:03,30 sec
37.561396317014825,22/03/2025,00:18:33,30 sec
36.365798298442996,22/03/2025,00:19:03,30 sec
36.89836072686201,22/03/2025,00:19:33,30 sec
36.88365550579333,22/03/2025,00:20:03,30 sec
36.39033123241358,22/03/2025,00:20:33,30 sec
36.99335348576358,22/03/2025,00:21:03,30 sec
37.784283467939034,22/03/2025,00:21:33,30 sec
37.101822513540064,22/03/2025,00:22:03,30 sec
36.58564317589542,22/03/2025,00:22:33,30 sec
36.90999285224511,22/03/2025,00:23:03,30 sec
36.22265033644538,22/03/2025,00:23:33,30 sec
37.64194653595056,22/03/2025,00:24:03,30 sec
37.65380100938091,22/03/2025,00:24:33,30 sec
36.26462791445112,22/03/2025,00:25:03,30 sec
37.50223807135135,22/03/2025,00:25:33,30 sec
37.212758562720865,22/03/2025,00:26:03,30 sec
36.24628056610259,22/03/2025,00:26:33,30 sec
37.91174565308531,22/03/2025,00:27:03,30 sec
37.75127195084637,22/03/2025,00:27:33,30 sec
36.10225858189769,22/03/2025,00:28:03,30 sec
36.934037623672744,22/03/2025,00:28:33,30 sec
36.75634893102636,22/03/2025,00:29:03,30 sec
36.578178915428566,22/03/2025,00:29:33,30 sec
37.16033655699614,22/03/2025,00:30:03,30 sec
37.2681456988534,22/03/2025,00:30:33,30 sec
37.72925449978579,22/03/2025,00:31:03,30 sec
37.61572436583673,22/03/2025,00:31:33,30 sec
37.29776858699296,22/03/2025,00:32:03,30 sec
36.97871134803893,22/03/2025,00:32:33,30 sec
36.270739328887935,22/03/2025,00:33:03,30 sec
37.81380759054363,22/03/2025,00:33:33,30 sec
36.16180424625714,22/03/2025,00:34:03,30 sec
36.791131058962016,22/03/2025,00:34:33,30 sec
37.03060448242898,22/03/2025,00:35:03,30 sec
37.484395977428534,22/03/2025,00:35:33,30 sec
37.259891873443536,22/03/2025,00:36:03,30 sec
37.52820844394166,22/03/2025,00:36:33,30 sec
36.385303166251646,22/03/2025,00:37:03,30 sec
36.82277870473958,22/03/2025,00:37:33,30 sec
36.47691431095341,22/03/2025,00:38:03,30 sec
36.91860260086307,22/03/2025,00:38:33,30 sec
36.32785799373812,22/03/2025,00:39:03,30 sec
36.91252691835514,22/03/2025,00:39:33,30 sec
37.66763708144211,22/03/2025,00:40:03,30 sec
37.84653197991,22/03/2025,00:40:33,30 sec
37.30387122311724,22/03/2025,00:41:03,30 sec
36.06724676006625,22/03/2025,00:41:33,30 sec
36.80489912883199,22/03/2025,00:42:03,30 sec
37.654611481149736,22/03/2025,00:42:33,30 sec
37.64700876725317,22/03/2025,00:43:03,30 sec
37.7704185884647,22/03/2025,00:43:33,30 sec
37.02540343579866,22/03/2025,00:44:03,30 sec
37.55115288652898,22/03/2025,00:44:33,30 sec
37.409917356979435,22/03/2025,00:45:03,30 sec
36.44531596531551,22/03/2025,00:45:33,30 sec
36.83879391876281,22/03/2025,00:46:03,30 sec
36.17521272227811,22/03/2025,00:46:33,30 sec
36.59161333788515,22/03/2025,00:47:03,30 sec
37.820202314061085,22/03/2025,00:47:33,30 sec
36.75203292539981,22/03/2025,00:48:03,30 sec
37.93712406529489,22/03/2025,00:48:33,30 sec
36.02995747276032,22/03/2025,00:49:03,30 sec
37.7497063481416,22/03/2025,00:49:33,30 sec
37.609920955016264,22/03/2025,00:50:03,30 sec
36.879202510808014,22/03/2025,00:50:33,30 sec
37.55791103310382,22/03/2025,00:51:03,30 sec
37.01148027938698,22/03/2025,00:51:33,30 sec
37.0639299584766,22/03/2025,00:52:03,30 sec
36.49076912432159,22/03/2025,00:52:33,30 sec
36.41484405178613,22/03/2025,00:53:03,30 sec
37.81794765945776,22/03/2025,00:53:33,30 sec
36.7553477018208,22/03/2025,00:54:03,30 sec
37.163586913884174,22/03/2025,00:54:33,30 sec
37.35924623306844,22/03/2025,00:55:03,30 sec
36.56615131465016,22/03/2025,00:55:33,30 sec
36.03506085549555,22/03/2025,00:56:03,30 sec
37.7882594074958,22/03/2025,00:56:33,30 sec
36.44676904307021,22/03/2025,00:57:03,30 sec
36.69441462681094,22/03/2025,00:57:33,30 sec
36.34113080160734,22/03/2025,00:58:03,30 sec
36.36909483491507,22/03/2025,00:58:33,30 sec
37.01760464870628,22/03/2025,00:59:03,30 sec
37.422733119165706,22/03/2025,00:59:33,30 sec
37.71664557874102,22/03/2025,01:00:03,30 sec
36.47439063674644,22/03/2025,01:00:33,30 sec
37.07978685473115,22/03/2025,01:01:03,30 sec
36.62451497511994,22/03/2025,01:01:33,30 sec
37.37415875186733,22/03/2025,01:02:03,30 sec
37.84104717258941,22/03/2025,01:02:33,30 sec
37.98007626826403,22/03/2025,01:03:03,30 sec
37.11049465140468,22/03/2025,01:03:33,30 sec
37.69935452233981,22/03/2025,01:04:03,30 sec
36.516872848927036,22/03/2025,01:04:33,30 sec
37.021670502127726,22/03/2025,01:05:03,30 sec
37.20134384598457,22/03/2025,01:05:33,30 sec
37.63540596399023,22/03/2025,01:06:03,30 sec
36.550894929681796,22/03/2025,01:06:33,30 sec
37.51805804754011,22/03/2025,01:07:03,30 sec
36.623710339027824,22/03/2025,01:07:33,30 sec
37.0008226574878,22/03/2025,01:08:03,30 sec
37.431444932075145,22/03/2025,01:08:33,30 sec
36.66491341049874,22/03/2025,01:09:03,30 sec
37.485115959445245,22/03/2025,01:09:33,30 sec
37.96741004062966,22/03/2025,01:10:03,30 sec
37.223738846735195,22/03/2025,01:10:33,30 sec
36.56700766811964,22/03/2025,01:11:03,30 sec
37.36634884231697,22/03/2025,01:11:33,30 sec
37.66129348410076,22/03/2025,01:12:03,30 sec
36.67312730843748,22/03/2025,01:12:33,30 sec
36.774688811102294,22/03/2025,01:13:03,30 sec
37.41568913449973,22/03/2025,01:13:33,30 sec
36.64878554610913,22/03/2025,01:14:03,30 sec
36.417142874937944,22/03/2025,01:14:33,30 sec
37.76456201996534,22/03/2025,01:15:03,30 sec
36.737508784041864,22/03/2025,01:15:33,30 sec
37.93020548598014,22/03/2025,01:16:03,30 sec
37.888924650169855,22/03/2025,01:16:33,30 sec
37.94158028662508,22/03/2025,01:17:03,30 sec
37.33849070597126,22/03/2025,01:17:33,30 sec
37.988586210724826,22/03/2025,01:18:03,30 sec
36.49655440600979,22/03/2025,01:18:33,30 sec
37.94483240323839,22/03/2025,01:19:03,30 sec
37.4279144920997,22/03/2025,01:19:33,30 sec
37.426533257594116,22/03/2025,01:20:03,30 sec
37.22729111711815,22/03/2025,01:20:33,30 sec
37.306894585292454,22/03/2025,01:21:03,30 sec
36.964160111308146,22/03/2025,01:21:33,30 sec
37.7733282325087,22/03/2025,01:22:03,30 sec
37.95264302207163,22/03/2025,01:22:33,30 sec
37.84668880930155,22/03/2025,01:23:03,30 sec
37.99778319938935,22/03/2025,01:23:33,30 sec
37.15569631248922,22/03/2025,01:24:03,30 sec
36.39967126918822,22/03/2025,01:24:33,30 sec
37.56837066178103,22/03/2025,01:25:03,30 sec
37.58221934882198,22/03/2025,01:25:33,30 sec
36.69948755608248,22/03/2025,01:26:03,30 sec
37.005870877028556,22/03/2025,01:26:33,30 sec
36.2938461251447,22/03/2025,01:27:03,30 sec
36.80637729860062,22/03/2025,01:27:33,30 sec
37.76584745831037,22/03/2025,01:28:03,30 sec
37.68942805492617,22/03/2025,01:28:33,30 sec
37.77409607926587,22/03/2025,01:29:03,30 sec
37.84908483426411,22/03/2025,01:29:33,30 sec
37.42428270438115,22/03/2025,01:30:03,30 sec
37.94360708338849,22/03/2025,01:30:33,30 sec
36.60456439766768,22/03/2025,01:31:03,30 sec
37.863553468909714,22/03/2025,01:31:33,30 sec
37.92635382295084,22/03/2025,01:32:03,30 sec
36.603471401345885,22/03/2025,01:32:33,30 sec
37.912444387977224,22/03/2025,01:33:03,30 sec
37.97073207412551,22/03/2025,01:33:33,30 sec
37.367556862440296,22/03/2025,01:34:03,30 sec
36.135098545493825,22/03/2025,01:34:33,30 sec
37.48877616597339,22/03/2025,01:35:03,30 sec
37.67362136329015,22/03/2025,01:35:33,30 sec
37.211282580722525,22/03/2025,01:36:03,30 sec
36.36189962618918,22/03/2025,01:36:33,30 sec
37.80584537455819,22/03/2025,01:37:03,30 sec
37.60032636963536,22/03/2025,01:37:33,30 sec
37.89757059531087,22/03/2025,01:38:03,30 sec
36.16960962798936,22/03/2025,01:38:33,30 sec
37.19045271498397,22/03/2025,01:39:03,30 sec
36.64182440358739,22/03/2025,01:39:33,30 sec
36.3707041203414,22/03/2025,01:40:03,30 sec
36.92096542441713,22/03/2025,01:40:33,30 sec
37.316200590604105,22/03/2025,01:41:03,30 sec
37.27113193841893,22/03/2025,01:41:33,30 sec
37.033518467162,22/03/2025,01:42:03,30 sec
36.06304329421916,22/03/2025,01:42:33,30 sec
36.133022392643426,22/03/2025,01:43:03,30 sec
37.113755088944245,22/03/2025,01:43:33,30 sec
36.37262525496152,22/03/2025,01:44:03,30 sec
37.72468024454244,22/03/2025,01:44:33,30 sec
37.36975738087841,22/03/2025,01:45:03,30 sec
37.68501169921453,22/03/2025,01:45:33,30 sec
37.297581822803956,22/03/2025,01:46:03,30 sec
36.97835626728848,22/03/2025,01:46:33,30 sec
37.825652888723056,22/03/2025,01:47:03,30 sec
36.61801755844049,22/03/2025,01:47:33,30 sec
36.09836442629082,22/03/2025,01:48:03,30 sec
37.880368493676826,22/03/2025,01:48:33,30 sec
37.809252791405775,22/03/2025,01:49:03,30 sec
37.676830300325314,22/03/2025,01:49:33,30 sec
36.849330000314126,22/03/2025,01:50:03,30 sec
36.40508059516339,22/03/2025,01:50:33,30 sec
36.28821042377795,22/03/2025,01:51:03,30 sec
37.3824495006094,22/03/2025,01:51:33,30 sec
37.07418220337678,22/03/2025,01:52:03,30 sec
37.95348447793244,22/03/2025,01:52:33,30 sec
36.58114109947768,22/03/2025,01:53:03,30 sec
36.17507327795559,22/03/2025,01:53:33,30 sec
36.53528272773631,22/03/2025,01:54:03,30 sec
37.243264127840966,22/03/2025,01:54:33,30 sec
36.752708416823126,22/03/2025,01:55:03,30 sec
37.69421616559566,22/03/2025,01:55:33,30 sec
36.12197892378696,22/03/2025,01:56:03,30 sec
36.07700457503391,22/03/2025,01:56:33,30 sec
37.265716420277215,22/03/2025,01:57:03,30 sec
37.978994254555175,22/03/2025,01:57:33,30 sec
37.98644637486772,22/03/2025,01:58:03,30 sec
37.7371424518755,22/03/2025,01:58:33,30 sec
36.89905734348118,22/03/2025,01:59:03,30 sec
37.17408918356514,22/03/2025,01:59:33,30 sec
37.31187234563887,22/03/2025,02:00:03,30 sec
37.57070708384387,22/03/2025,02:00:33,30 sec
36.45794352121064,22/03/2025,02:01:03,30 sec
37.672603078222586,22/03/2025,02:01:33,30 sec
36.39663605314467,22/03/2025,02:02:03,30 sec
37.70385486479914,22/03/2025,02:02:33,30 sec
36.38292947075723,22/03/2025,02:03:03,30 sec
36.53522209576461,22/03/2025,02:03:33,30 sec
37.09946750093084,22/03/2025,02:04:03,30 sec
37.765652351966764,22/03/2025,02:04:33,30 sec
37.00680902880927,22/03/2025,02:05:03,30 sec
36.495807215621944,22/03/2025,02:05:33,30 sec
36.11439660717029,22/03/2025,02:06:03,30 sec
37.00251668140291,22/03/2025,02:06:33,30 sec
36.91354986726852,22/03/2025,02:07:03,30 sec
36.89673570417345,22/03/2025,02:07:33,30 sec
37.03063166333192,22/03/2025,02:08:03,30 sec
36.22917543241867,22/03/2025,02:08:33,30 sec
37.62100587616729,22/03/2025,02:09:03,30 sec
37.493018986540115,22/03/2025,02:09:33,30 sec
37.68133435678504,22/03/2025,02:10:03,30 sec
36.688960439515306,22/03/2025,02:10:33,30 sec
37.63922703235774,22/03/2025,02:11:03,30 sec
36.22242551867432,22/03/2025,02:11:33,30 sec
36.89658657617882,22/03/2025,02:12:03,30 sec
37.08570406424306,22/03/2025,02:12:33,30 sec
37.848762862854656,22/03/2025,02:13:03,30 sec
36.75954135487018,22/03/2025,02:13:33,30 sec
37.44967294614743,22/03/2025,02:14:03,30 sec
37.80145875918032,22/03/2025,02:14:33,30 sec
37.098435064458194,22/03/2025,02:15:03,30 sec
36.95490343910933,22/03/2025,02:15:33,30 sec
37.72213048130911,22/03/2025,02:16:03,30 sec
36.628714391972935,22/03/2025,02:16:33,30 sec
37.93963257760194,22/03/2025,02:17:03,30 sec
37.106043955176965,22/03/2025,02:17:33,30 sec
37.41184505441789,22/03/2025,02:18:03,30 sec
37.22274093113393,22/03/2025,02:18:33,30 sec
37.49426013099451,22/03/2025,02:19:03,30 sec
37.41548703893366,22/03/2025,02:19:33,30 sec
36.46980279483315,22/03/2025,02:20:03,30 sec
37.91913666747641,22/03/2025,02:20:33,30 sec
37.5960498388185,22/03/2025,02:21:03,30 sec
36.961443127613194,22/03/2025,02:21:33,30 sec
37.37493256455377,22/03/2025,02:22:03,30 sec
36.56361609278885,22/03/2025,02:22:33,30 sec
37.55002371153,22/03/2025,02:23:03,30 sec
